Date,Open,High,Low,Close,Adj Close,Volume
2000-10-18,10.000000,10.875000,9.875000,10.750000,8.252680,27891200
2000-10-19,11.000000,12.000000,10.812500,12.000000,9.212291,3950200
2000-10-20,11.812500,11.812500,11.000000,11.562500,8.876423,2456200
2000-10-23,11.562500,11.562500,10.812500,11.000000,8.444601,1974600
2000-10-24,11.000000,11.125000,10.500000,11.062500,8.492579,1375400
2000-10-25,11.062500,11.625000,11.062500,11.468750,8.804459,1068600
2000-10-26,11.468750,11.750000,10.906250,11.718750,8.996375,766800
2000-10-27,11.718750,12.000000,11.656250,11.968750,9.188297,704200
2000-10-30,11.843750,12.656250,11.812500,12.312500,9.452194,750200
2000-10-31,12.187500,13.000000,11.437500,12.750000,9.788058,2295400
2000-11-01,12.625000,12.625000,11.812500,11.875000,9.116327,612000
2000-11-02,11.812500,11.812500,11.312500,11.531250,8.852434,640600
2000-11-03,11.625000,11.625000,11.281250,11.468750,8.804459,437200
2000-11-06,11.562500,12.000000,11.562500,11.656250,8.948397,400200
2000-11-07,11.593750,11.625000,11.187500,11.625000,8.924415,256000
2000-11-08,11.625000,11.625000,11.437500,11.531250,8.852434,209800
2000-11-09,11.468750,11.687500,11.437500,11.500000,8.828447,302200
2000-11-10,11.406250,11.406250,11.125000,11.250000,8.636520,311200
2000-11-13,11.187500,11.468750,11.093750,11.281250,8.660511,341000
2000-11-14,11.562500,11.718750,11.406250,11.718750,8.996375,444200
2000-11-15,12.125000,12.218750,12.000000,12.187500,9.356237,792600
2000-11-16,12.062500,12.125000,11.875000,11.906250,9.140323,457400
2000-11-17,11.843750,12.125000,11.812500,12.062500,9.260275,647200
2000-11-20,12.000000,12.062500,11.593750,11.656250,8.948397,631600
2000-11-21,11.781250,11.781250,11.531250,11.562500,8.876423,291800
2000-11-22,11.437500,11.500000,11.250000,11.406250,8.756474,332400
2000-11-24,11.500000,11.843750,11.500000,11.718750,8.996375,59600
2000-11-27,11.781250,11.812500,11.593750,11.781250,9.044359,282400
2000-11-28,11.750000,12.000000,11.750000,11.937500,9.164309,462000
2000-11-29,11.937500,12.500000,11.937500,12.500000,9.596136,277800
2000-11-30,12.375000,12.562500,12.125000,12.531250,9.620129,1279800
2000-12-01,12.468750,12.625000,12.250000,12.406250,9.524168,397800
2000-12-04,12.281250,12.625000,12.156250,12.625000,9.692101,324200
2000-12-05,12.562500,12.812500,12.500000,12.625000,9.692101,742800
2000-12-06,12.562500,12.812500,12.500000,12.656250,9.716088,247000
2000-12-07,12.625000,12.781250,12.375000,12.468750,9.572149,272600
2000-12-08,12.593750,12.625000,11.875000,12.437500,9.548153,278600
2000-12-11,12.437500,12.843750,12.437500,12.843750,9.860037,185800
2000-12-12,12.781250,12.781250,12.468750,12.562500,9.644116,151000
2000-12-13,12.562500,12.781250,12.531250,12.625000,9.692101,223000
2000-12-14,12.625000,12.687500,12.593750,12.687500,9.740077,161400
2000-12-15,12.625000,12.718750,12.562500,12.687500,9.740077,142600
2000-12-18,12.687500,12.812500,12.593750,12.812500,9.836040,141600
2000-12-19,12.750000,12.843750,12.625000,12.687500,9.740077,75800
2000-12-20,12.562500,12.593750,12.406250,12.531250,9.620129,128800
2000-12-21,12.468750,12.468750,11.968750,11.968750,9.188297,127800
2000-12-22,11.843750,12.125000,11.750000,11.843750,9.092340,336200
2000-12-26,11.937500,12.093750,11.875000,12.031250,9.236280,170000
2000-12-27,12.031250,12.656250,12.031250,12.593750,9.668106,232800
2000-12-28,12.593750,13.187500,12.500000,13.093750,10.051959,297600
2000-12-29,13.125000,13.687500,13.062500,13.531250,10.387818,281000
2001-01-02,13.531250,14.562500,13.437500,14.125000,10.843639,217600
2001-01-03,15.062500,16.312500,14.500000,15.687500,12.043151,1912400
2001-01-04,15.625000,15.875000,15.250000,15.250000,11.740965,1029400
2001-01-05,15.125000,15.125000,14.500000,14.843750,11.428194,358600
2001-01-08,14.843750,14.906250,14.656250,14.843750,11.428194,66000
2001-01-09,14.843750,14.843750,14.656250,14.687500,11.307899,48400
2001-01-10,14.812500,15.062500,14.718750,14.812500,11.404136,78000
2001-01-11,14.562500,14.625000,14.187500,14.625000,11.259776,754400
2001-01-12,14.500000,15.000000,14.500000,15.000000,11.548490,244600
2001-01-16,15.375000,15.968750,15.062500,15.093750,11.620671,339400
2001-01-17,15.250000,15.468750,15.062500,15.250000,11.740965,217200
2001-01-18,15.375000,15.500000,15.156250,15.406250,11.861260,197600
2001-01-19,15.406250,15.406250,14.437500,14.562500,11.211662,179200
2001-01-22,14.562500,14.625000,14.250000,14.406250,11.091362,295800
2001-01-23,14.375000,14.437500,14.062500,14.250000,10.971066,580400
2001-01-24,14.187500,14.500000,14.187500,14.468750,11.139484,110400
2001-01-25,14.343750,14.656250,14.250000,14.656250,11.283842,185000
2001-01-26,14.656250,15.093750,14.531250,15.093750,11.620671,227000
2001-01-29,15.200000,15.750000,15.100000,15.425000,11.875700,398600
2001-01-30,15.750000,15.950000,15.000000,15.515000,11.944989,599000
2001-01-31,15.390000,15.800000,15.255000,15.755000,12.129767,193400
2001-02-01,15.765000,15.860000,15.500000,15.505000,11.937292,117200
2001-02-02,16.000000,16.000000,15.000000,15.000000,11.548490,274000
2001-02-05,15.010000,15.225000,14.750000,15.000000,11.548490,193000
2001-02-06,15.150000,15.650000,15.145000,15.355000,11.821807,816600
2001-02-07,15.250000,15.730000,15.250000,15.660000,12.056624,307200
2001-02-08,15.875000,16.025000,15.675000,16.000000,12.318390,947400
2001-02-09,16.500000,16.875000,16.400000,16.684999,12.845770,1119600
2001-02-12,16.775000,17.299999,16.365000,17.200001,13.242270,957800
2001-02-13,17.450001,17.840000,17.250000,17.750000,13.665714,1246200
2001-02-14,17.745001,17.825001,16.500000,16.990000,13.080587,779200
2001-02-15,16.990000,17.000000,16.719999,16.865000,12.984354,400600
2001-02-16,16.799999,16.799999,15.650000,15.890000,12.233699,549600
2001-02-20,15.890000,15.900000,14.250000,14.375000,11.067305,861200
2001-02-21,14.750000,15.150000,14.750000,14.950000,11.509995,1560600
2001-02-22,15.000000,15.200000,14.975000,14.995000,11.544642,1109200
2001-02-23,15.000000,15.000000,14.100000,14.100000,10.855580,718400
2001-02-26,14.450000,15.100000,14.450000,15.025000,11.567736,452200
2001-02-27,15.000000,15.050000,14.850000,14.950000,11.509995,98600
2001-02-28,15.750000,16.125000,15.050000,16.000000,12.318390,1111200
2001-03-01,15.875000,16.250000,15.850000,16.174999,12.453120,310000
2001-03-02,16.049999,16.549999,16.049999,16.325001,12.568610,209200
2001-03-05,16.375000,16.950001,16.375000,16.809999,12.942008,183200
2001-03-06,17.750000,17.750000,17.049999,17.254999,13.284614,566400
2001-03-07,17.254999,17.254999,16.900000,16.950001,13.049794,525000
2001-03-08,17.059999,17.240000,17.049999,17.055000,13.130634,377600
2001-03-09,16.934999,16.950001,16.275000,16.740000,12.888115,748400
2001-03-12,16.740000,16.740000,16.025000,16.500000,12.703344,358200
2001-03-13,16.500000,16.559999,16.125000,16.475000,12.684095,388200
2001-03-14,16.125000,16.500000,16.025000,16.299999,12.549361,499000
2001-03-15,16.350000,16.875000,16.299999,16.875000,12.992053,308600
2001-03-16,16.875000,17.500000,16.825001,16.840000,12.965112,351400
2001-03-19,16.844999,17.100000,16.525000,16.525000,12.722589,128400
2001-03-20,16.549999,16.750000,16.350000,16.525000,12.722589,445400
2001-03-21,16.525000,16.674999,16.504999,16.594999,12.776479,164800
2001-03-22,16.555000,16.775000,16.150000,16.504999,12.707189,787200
2001-03-23,16.475000,16.530001,16.350000,16.510000,12.711041,86000
2001-03-26,16.799999,17.000000,16.325001,17.000000,13.088287,540800
2001-03-27,17.000000,17.000000,16.500000,16.625000,12.799580,696000
2001-03-28,16.625000,16.700001,16.525000,16.549999,12.741837,337800
2001-03-29,16.650000,17.350000,16.625000,16.924999,13.030551,518800
2001-03-30,17.250000,17.770000,17.250000,17.730000,13.650315,696200
2001-04-02,17.750000,18.350000,17.750000,17.825001,13.723462,493000
2001-04-03,17.775000,17.950001,17.325001,17.510000,13.480939,646400
2001-04-04,17.875000,17.875000,17.600000,17.740000,13.658012,275600
2001-04-05,17.725000,18.400000,17.725000,18.400000,14.166150,308800
2001-04-06,18.340000,18.375000,17.750000,18.000000,13.903528,1810200
2001-04-09,18.000000,18.200001,17.850000,17.995001,13.899660,906200
2001-04-10,17.995001,18.004999,17.750000,17.754999,13.714288,400400
2001-04-11,17.754999,17.754999,17.350000,17.424999,13.459389,701400
2001-04-12,17.424999,17.424999,17.245001,17.344999,13.397597,636000
2001-04-16,17.344999,17.500000,17.225000,17.275000,13.343528,281400
2001-04-17,17.500000,17.975000,17.500000,17.900000,13.826285,438600
2001-04-18,18.000000,18.000000,16.450001,17.254999,13.328074,977800
2001-04-19,17.254999,17.450001,17.150000,17.400000,13.440082,406000
2001-04-20,17.475000,18.350000,17.450001,17.549999,13.555940,872800
2001-04-23,17.549999,17.549999,17.325001,17.455000,13.482559,143800
2001-04-24,17.455000,17.475000,16.450001,16.795000,12.972763,285000
2001-04-25,16.920000,17.150000,16.625000,17.100000,13.208349,272400
2001-04-26,17.100000,17.100000,15.375000,15.965000,12.331655,1541000
2001-04-27,15.965000,16.000000,14.940000,15.150000,11.702133,1048200
2001-04-30,15.150000,15.475000,14.400000,15.475000,11.953174,1830600
2001-05-01,15.500000,16.075001,15.400000,16.000000,12.358690,526000
2001-05-02,16.000000,16.450001,15.800000,16.270000,12.567243,145000
2001-05-03,16.295000,16.375000,16.000000,16.309999,12.598139,561000
2001-05-04,16.410000,16.450001,15.900000,16.150000,12.474553,603200
2001-05-07,16.155001,16.254999,15.750000,16.100000,12.435935,202200
2001-05-08,16.200001,16.225000,15.900000,16.000000,12.358690,196600
2001-05-09,16.049999,16.250000,15.950000,16.100000,12.435935,644000
2001-05-10,16.225000,16.475000,16.225000,16.250000,12.551795,528000
2001-05-11,16.299999,16.745001,16.275000,16.635000,12.849178,377200
2001-05-14,17.000000,17.000000,16.575001,16.700001,12.899383,264800
2001-05-15,16.700001,17.350000,16.700001,17.290001,13.355112,176600
2001-05-16,17.275000,18.000000,16.955000,18.000000,13.903528,451800
2001-05-17,17.950001,18.500000,17.910000,18.200001,14.058012,1125200
2001-05-18,18.200001,18.400000,17.950001,18.254999,14.100491,1394000
2001-05-21,18.250000,18.250000,18.025000,18.150000,14.019396,195000
2001-05-22,18.155001,18.250000,17.500000,17.709999,13.679525,1938600
2001-05-23,17.650000,17.775000,17.575001,17.625000,13.613868,581400
2001-05-24,17.570000,17.750000,17.480000,17.735001,13.698833,99800
2001-05-25,17.750000,17.850000,17.650000,17.799999,13.749045,585000
2001-05-29,17.825001,17.825001,17.500000,17.500000,13.517317,395400
2001-05-30,17.500000,17.500000,17.100000,17.424999,13.459389,554000
2001-05-31,17.430000,17.875000,17.350000,17.750000,13.710419,801000
2001-06-01,17.750000,18.025000,17.674999,17.910000,13.834003,306800
2001-06-04,17.910000,18.900000,17.825001,18.655001,14.409463,417200
2001-06-05,18.700001,18.870001,18.000000,18.200001,14.058012,539800
2001-06-06,18.200001,18.245001,17.850000,17.850000,13.787669,430000
2001-06-07,17.799999,18.075001,17.730000,17.975000,13.884218,159800
2001-06-08,18.049999,18.500000,18.049999,18.290001,14.127524,297400
2001-06-11,18.290001,18.490000,17.875000,18.150000,14.019396,382800
2001-06-12,18.150000,18.750000,18.150000,18.674999,14.424907,824600
2001-06-13,18.825001,19.235001,18.760000,19.059999,14.722289,287800
2001-06-14,19.059999,19.059999,18.549999,18.600000,14.366979,399400
2001-06-15,18.605000,18.799999,18.580000,18.760000,14.490565,279000
2001-06-18,18.905001,18.950001,18.750000,18.770000,14.498282,271600
2001-06-19,18.760000,18.760000,18.049999,18.250000,14.096630,371800
2001-06-20,18.250000,18.500000,18.174999,18.370001,14.189320,213600
2001-06-21,18.340000,18.340000,17.485001,17.934999,13.853324,432000
2001-06-22,17.924999,17.934999,17.575001,17.645000,13.629321,125000
2001-06-25,17.625000,17.625000,17.500000,17.500000,13.517317,285000
2001-06-26,17.500000,17.700001,17.325001,17.500000,13.517317,464000
2001-06-27,17.750000,18.100000,17.625000,17.995001,13.899660,268000
2001-06-28,17.924999,18.575001,17.924999,18.025000,13.922835,356800
2001-06-29,18.000000,18.750000,17.600000,18.500000,14.289738,2052800
2001-07-02,18.500000,19.400000,17.725000,19.000000,14.675944,982200
2001-07-03,19.250000,19.250000,18.775000,18.950001,14.637320,376000
2001-07-05,18.900000,18.975000,18.600000,18.600000,14.366979,326800
2001-07-06,18.525000,18.525000,18.150000,18.350000,14.173869,323000
2001-07-09,18.240000,18.400000,18.075001,18.235001,14.131260,312800
2001-07-10,18.240000,18.500000,18.240000,18.450001,14.297872,114400
2001-07-11,18.350000,18.500000,18.280001,18.455000,14.301741,228400
2001-07-12,18.375000,18.424999,17.250000,17.639999,13.670151,449400
2001-07-13,17.375000,17.379999,16.500000,16.684999,12.930072,1630800
2001-07-16,16.584999,16.875000,16.510000,16.674999,12.922325,1016400
2001-07-17,16.680000,17.125000,16.670000,17.010000,13.181935,433000
2001-07-18,16.950001,16.969999,16.760000,16.799999,13.019192,367400
2001-07-19,16.825001,16.900000,16.805000,16.850000,13.057937,497200
2001-07-20,16.799999,16.900000,16.334999,16.825001,13.038572,479000
2001-07-23,16.825001,16.900000,16.674999,16.799999,13.019192,283200
2001-07-24,16.799999,16.799999,15.700000,16.020000,12.414735,847400
2001-07-25,16.025000,17.500000,16.000000,17.129999,13.274925,880400
2001-07-26,17.075001,17.075001,16.625000,16.945000,13.131565,700800
2001-07-27,16.950001,17.200001,16.900000,16.920000,13.112185,213600
2001-07-30,16.920000,17.049999,16.850000,17.020000,13.189683,110000
2001-07-31,17.025000,17.690001,17.025000,17.600000,13.639159,358800
2001-08-01,17.625000,18.500000,17.610001,17.950001,13.910388,723800
2001-08-02,18.025000,18.700001,18.025000,18.424999,14.278485,593600
2001-08-03,18.424999,18.695000,18.125000,18.500000,14.336613,291000
2001-08-06,18.450001,18.450001,18.125000,18.254999,14.146756,335200
2001-08-07,18.325001,18.375000,17.299999,17.535000,13.588785,3456600
2001-08-08,17.535000,17.799999,17.535000,17.750000,13.755401,382400
2001-08-09,17.750000,17.775000,16.750000,16.750000,12.980446,829000
2001-08-10,16.799999,17.395000,16.799999,17.299999,13.406668,358000
2001-08-13,17.299999,17.500000,17.225000,17.475000,13.542287,737400
2001-08-14,17.475000,17.495001,17.305000,17.490000,13.553918,382600
2001-08-15,17.490000,17.500000,17.420000,17.500000,13.561661,152800
2001-08-16,17.475000,17.475000,17.075001,17.275000,13.387300,249800
2001-08-17,17.275000,17.375000,17.250000,17.330000,13.429923,596200
2001-08-20,17.250000,17.434999,17.150000,17.395000,13.480287,225800
2001-08-21,17.395000,17.500000,17.200001,17.245001,13.364050,157000
2001-08-22,17.225000,17.250000,17.000000,17.215000,13.340802,203600
2001-08-23,17.174999,17.330000,16.650000,17.299999,13.406668,545600
2001-08-24,17.325001,17.500000,17.299999,17.400000,13.484164,372800
2001-08-27,17.400000,17.424999,17.299999,17.325001,13.426046,281800
2001-08-28,17.320000,17.320000,17.000000,17.139999,13.282674,139800
2001-08-29,17.139999,17.174999,16.900000,17.055000,13.216806,360800
2001-08-30,16.930000,17.000000,16.825001,17.000000,13.174185,277800
2001-08-31,17.049999,17.070000,16.875000,17.055000,13.216806,120800
2001-09-04,17.049999,17.049999,16.450001,16.850000,13.057937,435400
2001-09-05,16.975000,17.000000,16.900000,16.900000,13.096691,281000
2001-09-06,16.950001,17.285000,16.900000,17.125000,13.271058,248200
2001-09-07,17.125000,17.125000,16.655001,16.695000,12.937826,129200
2001-09-10,16.700001,16.700001,16.375000,16.475000,12.767337,96200
2001-09-17,16.475000,16.500000,15.450000,15.630000,12.112496,236400
2001-09-18,15.630000,16.250000,15.600000,15.880000,12.306240,153400
2001-09-19,15.885000,16.150000,15.800000,16.000000,12.399232,715400
2001-09-20,16.250000,16.424999,15.880000,16.424999,12.728589,504200
2001-09-21,15.875000,16.600000,15.700000,16.600000,12.864204,798600
2001-09-24,16.850000,16.850000,16.200001,16.205000,12.558098,344200
2001-09-25,16.330000,16.995001,16.299999,16.930000,13.119939,667000
2001-09-26,17.055000,17.200001,16.700001,16.905001,13.100560,468400
2001-09-27,16.875000,16.900000,16.600000,16.805000,13.023068,491000
2001-09-28,16.825001,17.100000,16.799999,16.865000,13.069566,663400
2001-10-01,16.865000,17.049999,16.775000,17.000000,13.174185,525400
2001-10-02,17.025000,17.100000,16.900000,17.000000,13.174185,810200
2001-10-03,17.000000,17.309999,16.809999,17.219999,13.344673,416200
2001-10-04,17.344999,17.450001,17.250000,17.375000,13.464792,457800
2001-10-05,17.375000,17.375000,16.855000,16.980000,13.158686,187400
2001-10-08,16.980000,17.125000,16.799999,16.820000,13.034695,63000
2001-10-09,16.754999,16.900000,16.350000,16.600000,12.910257,460000
2001-10-10,16.674999,17.495001,16.674999,17.475000,13.590768,374200
2001-10-11,17.500000,18.350000,17.500000,18.299999,14.232392,369600
2001-10-12,18.260000,18.450001,18.150000,18.375000,14.290720,417200
2001-10-15,18.250000,18.549999,18.230000,18.334999,14.259610,572400
2001-10-16,18.350000,18.650000,18.325001,18.490000,14.380155,245800
2001-10-17,18.400000,18.950001,18.400000,18.500000,14.387936,249400
2001-10-18,18.575001,18.575001,18.100000,18.170000,14.131293,296600
2001-10-19,18.049999,18.084999,17.655001,17.870001,13.897971,242200
2001-10-22,17.870001,18.500000,17.870001,18.395000,14.306273,282600
2001-10-23,18.299999,18.375000,14.905000,16.280001,12.661386,6009800
2001-10-24,16.280001,16.900000,15.850000,16.275000,12.657495,749600
2001-10-25,16.100000,16.174999,15.975000,16.035000,12.470842,178400
2001-10-26,16.000000,16.424999,15.975000,16.334999,12.704161,234800
2001-10-29,16.385000,16.385000,16.000000,16.190001,12.591388,169400
2001-10-30,16.100000,16.174999,15.620000,15.665000,12.183084,296800
2001-10-31,15.665000,15.750000,15.505000,15.650000,12.171417,209800
2001-11-01,15.650000,15.650000,15.250000,15.430000,12.000317,405000
2001-11-02,15.555000,15.600000,15.265000,15.545000,12.089757,540400
2001-11-05,15.875000,15.970000,15.575000,15.700000,12.210299,364400
2001-11-06,15.250000,15.495000,14.850000,15.240000,11.852551,811600
2001-11-07,15.240000,15.240000,14.940000,15.200000,11.821441,730000
2001-11-08,15.250000,15.350000,15.090000,15.250000,11.860329,301000
2001-11-09,15.250000,15.250000,14.700000,14.980000,11.650342,429400
2001-11-12,14.925000,14.925000,14.300000,14.700000,11.432579,593200
2001-11-13,14.775000,15.600000,14.725000,15.440000,12.008098,437400
2001-11-14,15.425000,15.440000,15.300000,15.360000,11.945876,545000
2001-11-15,15.375000,15.400000,15.300000,15.320000,11.914769,255000
2001-11-16,15.445000,15.625000,15.250000,15.525000,12.074201,497000
2001-11-19,15.745000,15.975000,15.575000,15.870000,12.342519,640600
2001-11-20,15.850000,16.700001,15.750000,16.500000,12.832482,914200
2001-11-21,16.375000,16.379999,15.750000,15.915000,12.377515,513800
2001-11-23,15.925000,16.025000,15.875000,15.910000,12.373626,123200
2001-11-26,16.025000,16.049999,15.905000,15.905000,12.369735,1088200
2001-11-27,16.025000,16.070000,16.000000,16.004999,12.447511,225800
2001-11-28,16.025000,16.150000,15.750000,15.950000,12.404735,737600
2001-11-29,15.975000,16.549999,15.975000,16.375000,12.735271,1125800
2001-11-30,16.350000,17.195000,16.150000,16.850000,13.104690,2869400
2001-12-03,16.790001,17.150000,16.150000,17.010000,13.229124,835400
2001-12-04,17.025000,17.325001,17.000000,17.250000,13.415782,553800
2001-12-05,17.275000,18.000000,17.275000,17.715000,13.777425,421600
2001-12-06,17.700001,18.150000,17.400000,17.500000,13.610213,324200
2001-12-07,17.504999,17.600000,17.299999,17.325001,13.474109,644600
2001-12-10,17.299999,17.660000,17.200001,17.475000,13.590768,1050000
2001-12-11,17.475000,17.725000,17.400000,17.504999,13.614103,688600
2001-12-12,17.450001,17.525000,17.299999,17.375000,13.512995,768000
2001-12-13,17.325001,17.725000,17.299999,17.405001,13.536332,603600
2001-12-14,17.475000,17.549999,17.275000,17.400000,13.532439,621200
2001-12-17,17.400000,18.115000,17.400000,17.500000,13.610213,263400
2001-12-18,17.000000,18.174999,17.000000,17.895000,13.917413,555200
2001-12-19,17.900000,17.900000,17.500000,17.500000,13.610213,682000
2001-12-20,17.549999,17.600000,17.389999,17.450001,13.571325,504800
2001-12-21,17.424999,17.424999,16.775000,16.799999,13.065807,2199200
2001-12-24,16.924999,17.100000,16.924999,17.080000,13.283563,227200
2001-12-26,17.100000,17.250000,16.900000,16.965000,13.194128,286000
2001-12-27,16.950001,17.150000,16.950001,17.000000,13.221349,89000
2001-12-28,16.950001,17.250000,16.950001,17.110001,13.306898,299600
2001-12-31,17.115000,17.115000,16.900000,16.900000,13.143576,305800
2002-01-02,16.250000,16.700001,15.500000,16.400000,12.754713,3345400
2002-01-03,16.000000,16.370001,15.600000,15.800000,12.288076,2099200
2002-01-04,15.800000,15.940000,15.600000,15.825000,12.307521,2976200
2002-01-07,15.950000,16.150000,15.830000,15.885000,12.354182,855600
2002-01-08,15.850000,15.850000,15.525000,15.600000,12.178534,494800
2002-01-09,15.625000,16.139999,15.600000,15.970000,12.467381,1669000
2002-01-10,16.000000,16.049999,15.650000,16.020000,12.506413,849800
2002-01-11,16.020000,16.525000,16.020000,16.510000,12.888945,2980000
2002-01-14,16.500000,16.670000,16.275000,16.330000,12.748425,1685200
2002-01-15,16.330000,16.500000,16.260000,16.305000,12.728906,1371800
2002-01-16,16.260000,16.260000,15.700000,15.840000,12.365895,1125400
2002-01-17,15.840000,16.100000,15.840000,16.045000,12.525934,768200
2002-01-18,15.975000,16.125000,15.975000,16.075001,12.549354,534800
2002-01-22,16.125000,16.250000,16.000000,16.100000,12.568868,744600
2002-01-23,16.075001,16.205000,16.049999,16.200001,12.646935,654200
2002-01-24,16.200001,16.549999,16.200001,16.375000,12.783556,2716200
2002-01-25,16.375000,16.590000,16.240000,16.500000,12.881138,964400
2002-01-28,16.500000,16.799999,16.475000,16.750000,13.076309,171200
2002-01-29,16.750000,16.750000,16.500000,16.540001,12.912367,313600
2002-01-30,16.475000,16.750000,16.475000,16.590000,12.951399,305200
2002-01-31,16.600000,16.975000,16.590000,16.650000,12.998240,398600
2002-02-01,16.049999,16.584999,15.825000,16.000000,12.490800,2391600
2002-02-04,15.995000,16.150000,15.650000,15.725000,12.276115,276600
2002-02-05,15.600000,16.049999,15.200000,15.390000,12.014591,802200
2002-02-06,15.500000,15.870000,15.425000,15.500000,12.100467,1593200
2002-02-07,15.475000,15.700000,15.475000,15.505000,12.104370,333400
2002-02-08,15.525000,15.775000,15.400000,15.580000,12.162921,550800
2002-02-11,15.475000,15.750000,15.250000,15.665000,12.229275,874000
2002-02-12,15.710000,15.870000,15.500000,15.690000,12.248791,1266200
2002-02-13,15.815000,15.870000,15.675000,15.685000,12.244891,380200
2002-02-14,15.685000,15.685000,15.450000,15.540000,12.131693,301400
2002-02-15,15.575000,15.625000,15.345000,15.420000,12.038008,343000
2002-02-19,15.420000,15.500000,15.400000,15.450000,12.061426,411600
2002-02-20,15.460000,15.575000,15.325000,15.370000,11.998978,426000
2002-02-21,15.370000,15.550000,15.370000,15.395000,12.018497,648200
2002-02-22,15.400000,15.525000,14.500000,15.400000,12.022397,1931000
2002-02-25,15.400000,15.425000,15.100000,15.205000,11.870165,435400
2002-02-26,15.205000,15.640000,15.180000,15.510000,12.108271,492200
2002-02-27,15.575000,15.745000,15.530000,15.580000,12.162921,497400
2002-02-28,15.475000,15.550000,15.425000,15.480000,12.084850,1349600
2002-03-01,15.485000,15.485000,15.100000,15.390000,12.014591,1301400
2002-03-04,15.000000,15.895000,15.000000,15.750000,12.295634,684000
2002-03-05,15.750000,15.750000,15.600000,15.715000,12.268312,271200
2002-03-06,15.715000,15.845000,15.670000,15.755000,12.299538,320200
2002-03-07,15.825000,16.045000,15.660000,15.690000,12.248791,415400
2002-03-08,15.690000,15.730000,15.535000,15.710000,12.264403,400800
2002-03-11,15.710000,15.800000,15.690000,15.695000,12.252694,212400
2002-03-12,15.695000,15.760000,15.500000,15.730000,12.280020,402400
2002-03-13,15.750000,16.065001,15.740000,16.049999,12.529838,511400
2002-03-14,16.049999,16.049999,15.760000,15.760000,12.303439,441000
2002-03-15,14.975000,15.600000,14.700000,15.500000,12.100467,4832400
2002-03-18,15.375000,15.565000,15.200000,15.535000,12.127789,622400
2002-03-19,15.500000,15.740000,15.500000,15.605000,12.182434,481200
2002-03-20,15.550000,15.990000,15.550000,15.900000,12.412732,1061800
2002-03-21,15.875000,15.925000,15.625000,15.775000,12.315148,351000
2002-03-22,15.775000,15.915000,15.725000,15.830000,12.358088,435800
2002-03-25,15.835000,15.850000,15.525000,15.800000,12.334669,212200
2002-03-26,15.700000,15.750000,15.600000,15.700000,12.256599,587200
2002-03-27,15.625000,15.860000,15.550000,15.700000,12.256599,275600
2002-03-28,15.750000,15.985000,15.595000,15.795000,12.330762,671600
2002-04-01,15.495000,15.900000,15.455000,15.650000,12.217566,845600
2002-04-02,15.375000,16.049999,15.325000,15.700000,12.256599,1050600
2002-04-03,15.725000,16.004999,15.720000,15.730000,12.280020,633800
2002-04-04,15.730000,16.450001,15.730000,16.379999,12.787456,2461000
2002-04-05,16.450001,16.705000,16.424999,16.500000,12.881138,872200
2002-04-08,16.315001,16.410000,16.299999,16.385000,12.838045,317600
2002-04-09,16.379999,16.795000,16.379999,16.705000,13.088772,1037200
2002-04-10,16.655001,16.975000,16.655001,16.860001,13.210218,404000
2002-04-11,16.950001,16.995001,16.625000,16.674999,13.065269,511000
2002-04-12,16.650000,16.674999,16.400000,16.410000,12.857635,380000
2002-04-15,16.200001,16.400000,16.200001,16.299999,12.771447,301400
2002-04-16,16.400000,16.525000,16.200001,16.440001,12.881138,960200
2002-04-17,16.440001,16.450001,16.325001,16.340000,12.802787,231400
2002-04-18,16.344999,16.450001,16.250000,16.275000,12.751853,174600
2002-04-19,16.280001,16.450001,16.174999,16.325001,12.791037,154600
2002-04-22,16.299999,16.350000,15.685000,15.705000,12.305245,466800
2002-04-23,15.375000,15.950000,15.300000,15.750000,12.340506,900600
2002-04-24,15.750000,15.950000,15.500000,15.850000,12.418858,443600
2002-04-25,15.825000,15.950000,15.600000,15.770000,12.356177,317200
2002-04-26,15.700000,15.795000,15.525000,15.610000,12.230813,260800
2002-04-29,15.600000,15.605000,15.400000,15.400000,12.066273,126000
2002-04-30,15.375000,15.500000,15.235000,15.400000,12.066273,748600
2002-05-01,15.500000,15.610000,15.425000,15.435000,12.093696,551600
2002-05-02,15.450000,15.625000,15.350000,15.615000,12.234730,324400
2002-05-03,15.500000,15.640000,14.825000,15.030000,11.776367,746000
2002-05-06,15.100000,15.225000,14.925000,14.950000,11.713689,393600
2002-05-07,14.825000,15.125000,14.730000,14.975000,11.733274,772000
2002-05-08,15.025000,15.025000,14.875000,14.985000,11.741112,221600
2002-05-09,14.985000,15.000000,14.900000,14.900000,11.674512,239400
2002-05-10,14.900000,14.980000,14.800000,14.930000,11.698017,269600
2002-05-13,14.850000,15.050000,14.710000,15.000000,11.752864,344000
2002-05-14,15.075000,15.325000,15.075000,15.135000,11.858640,847800
2002-05-15,15.135000,15.405000,15.135000,15.270000,11.964417,616800
2002-05-16,15.395000,15.650000,15.300000,15.500000,12.144624,839800
2002-05-17,15.525000,15.550000,15.200000,15.420000,12.081944,1408200
2002-05-20,15.675000,15.725000,15.200000,15.425000,12.085863,597400
2002-05-21,15.425000,15.475000,14.890000,14.975000,11.733274,852600
2002-05-22,14.995000,15.075000,14.500000,14.765000,11.568735,749400
2002-05-23,14.500000,14.500000,14.100000,14.385000,11.270997,883600
2002-05-24,14.390000,14.450000,14.250000,14.375000,11.263163,380400
2002-05-28,14.375000,14.380000,13.775000,13.895000,10.887071,1323200
2002-05-29,13.000000,13.400000,12.880000,13.040000,10.217157,2259600
2002-05-30,13.125000,13.465000,13.030000,13.295000,10.416960,959600
2002-05-31,13.230000,13.465000,13.200000,13.300000,10.420873,434600
2002-06-03,13.300000,13.300000,12.915000,13.140000,10.295508,877400
2002-06-04,13.100000,13.325000,12.955000,13.155000,10.307261,833800
2002-06-05,13.125000,13.425000,13.125000,13.300000,10.420873,506600
2002-06-06,13.200000,13.255000,12.875000,12.900000,10.107460,549400
2002-06-07,12.850000,13.285000,12.775000,13.155000,10.307261,561400
2002-06-10,13.295000,13.750000,13.050000,13.600000,10.655931,532600
2002-06-11,13.550000,13.650000,13.395000,13.425000,10.518811,241600
2002-06-12,11.750000,13.075000,11.500000,12.775000,10.009521,4936200
2002-06-13,12.450000,12.455000,11.695000,11.900000,9.323940,3079600
2002-06-14,11.800000,12.225000,11.775000,12.140000,9.511981,1144400
2002-06-17,12.140000,12.375000,12.075000,12.375000,9.696113,835600
2002-06-18,12.375000,12.495000,12.285000,12.330000,9.660854,920200
2002-06-19,12.300000,12.300000,11.870000,11.920000,9.339610,563200
2002-06-20,11.375000,11.380000,10.200000,11.005000,8.622684,2245000
2002-06-21,11.075000,11.095000,10.010000,10.010000,7.843080,1742600
2002-06-24,9.950000,9.955000,9.125000,9.175000,7.188838,4359200
2002-06-25,9.500000,9.615000,9.380000,9.495000,7.439563,2350200
2002-06-26,9.250000,9.385000,8.815000,8.895000,6.969447,2033400
2002-06-27,9.000000,9.120000,8.950000,8.990000,7.043882,1932000
2002-06-28,9.000000,9.240000,8.900000,8.900000,6.973367,2416000
2002-07-01,9.025000,9.100000,8.945000,8.950000,7.012541,830400
2002-07-02,9.000000,9.000000,8.475000,8.625000,6.757898,3117200
2002-07-03,8.875000,8.875000,8.315000,8.560000,6.706967,609400
2002-07-05,8.680000,8.950000,8.650000,8.845000,6.930268,494000
2002-07-08,8.970000,9.750000,8.945000,9.395000,7.361211,1438800
2002-07-09,9.400000,9.470000,8.890000,8.925000,7.037899,1800200
2002-07-10,9.175000,9.200000,8.680000,8.715000,6.872303,717600
2002-07-11,8.840000,8.840000,8.500000,8.715000,6.872303,1287000
2002-07-12,8.840000,8.875000,8.750000,8.785000,6.927505,581200
2002-07-15,8.050000,8.495000,7.650000,8.495000,6.698821,23549000
2002-07-16,8.495000,8.495000,7.775000,8.060000,6.355798,12201600
2002-07-17,8.060000,8.125000,7.475000,7.525000,5.933918,5417000
2002-07-18,7.500000,8.200000,7.275000,8.100000,6.387339,8767800
2002-07-19,7.950000,7.990000,7.800000,7.935000,6.257224,4530000
2002-07-22,8.025000,8.175000,7.725000,7.915000,6.241456,4010000
2002-07-23,7.920000,7.950000,7.050000,7.250000,5.717062,4600400
2002-07-24,7.000000,7.125000,6.600000,7.045000,5.555408,5341000
2002-07-25,7.050000,7.050000,6.745000,6.900000,5.441067,3988200
2002-07-26,6.915000,6.940000,6.690000,6.900000,5.441067,2820000
2002-07-29,7.010000,7.375000,6.900000,7.350000,5.795918,2474400
2002-07-30,7.125000,7.350000,7.000000,7.105000,5.602721,3417000
2002-07-31,7.100000,7.600000,7.000000,7.600000,5.993057,4640000
2002-08-01,7.600000,8.125000,7.570000,7.950000,6.269054,5220000
2002-08-02,7.925000,8.070000,7.700000,8.030000,6.332139,2466600
2002-08-05,8.055000,8.400000,7.750000,7.900000,6.229626,2315600
2002-08-06,7.950000,8.025000,7.745000,7.875000,6.209912,2173400
2002-08-07,7.850000,7.975000,7.600000,7.975000,6.288767,2258800
2002-08-08,8.250000,8.875000,8.175000,8.670000,6.836816,9311000
2002-08-09,8.725000,8.740000,8.225000,8.400000,6.623907,7718000
2002-08-12,8.250000,8.300000,8.080000,8.255000,6.509567,7614000
2002-08-13,8.255000,8.310000,7.900000,7.905000,6.233569,22889000
2002-08-14,7.500000,8.620000,7.500000,8.505000,6.706707,32747800
2002-08-15,8.255000,8.400000,8.125000,8.370000,6.600250,23042600
2002-08-16,8.250000,8.390000,8.210000,8.390000,6.616020,11402000
2002-08-19,8.390000,8.390000,8.115000,8.205000,6.470135,10902400
2002-08-20,8.005000,8.115000,7.730000,8.095000,6.383396,20151000
2002-08-21,8.025000,8.150000,7.880000,8.040000,6.340026,10127000
2002-08-22,7.875000,8.075000,7.875000,8.075000,6.367625,9852800
2002-08-23,8.075000,8.730000,8.060000,8.595000,6.777675,7852600
2002-08-26,8.750000,9.020000,8.520000,8.950000,7.057614,6197400
2002-08-27,8.850000,9.235000,8.835000,9.150000,7.215325,11185600
2002-08-28,9.075000,9.130000,8.875000,9.015000,7.108872,7856200
2002-08-29,8.900000,9.280000,8.880000,9.125000,7.195616,5619600
2002-08-30,9.175000,9.375000,9.100000,9.185000,7.242927,3527400
2002-09-03,9.100000,9.175000,8.875000,9.120000,7.191670,5422000
2002-09-04,9.050000,9.160000,8.845000,9.035000,7.124642,8355400
2002-09-05,8.950000,8.950000,8.355000,8.500000,6.702763,5076000
2002-09-06,8.500000,8.740000,8.365000,8.580000,6.765849,3939200
2002-09-09,8.475000,8.695000,8.425000,8.545000,6.738248,2923800
2002-09-10,8.500000,8.600000,8.370000,8.500000,6.702763,3689600
2002-09-11,8.495000,8.645000,8.440000,8.580000,6.765849,4004000
2002-09-12,8.300000,8.550000,8.265000,8.335000,6.572650,3016600
2002-09-13,8.275000,8.300000,8.075000,8.150000,6.426766,3730200
2002-09-16,8.175000,8.410000,8.050000,8.375000,6.604193,1712400
2002-09-17,8.375000,8.570000,8.080000,8.130000,6.410995,4023000
2002-09-18,8.075000,8.105000,7.975000,8.010000,6.316370,1766600
2002-09-19,7.900000,7.945000,7.775000,7.830000,6.174428,3116200
2002-09-20,7.830000,8.000000,7.630000,7.930000,6.253283,4701000
2002-09-23,7.805000,7.845000,7.555000,7.770000,6.127114,3205600
2002-09-24,7.600000,7.690000,7.395000,7.500000,5.914205,3576600
2002-09-25,7.600000,7.810000,7.520000,7.725000,6.091628,3632600
2002-09-26,7.815000,7.875000,7.500000,7.580000,5.977288,3042200
2002-09-27,7.455000,7.625000,7.100000,7.205000,5.681576,4225000
2002-09-30,7.000000,7.860000,6.795000,7.645000,6.028543,7104800
2002-10-01,7.700000,7.725000,7.350000,7.580000,5.977288,2812000
2002-10-02,7.475000,7.625000,7.300000,7.400000,5.835347,3249400
2002-10-03,7.325000,7.525000,7.325000,7.375000,5.815632,3134800
2002-10-04,7.375000,7.450000,7.060000,7.240000,5.709177,2246600
2002-10-07,7.215000,7.430000,7.090000,7.325000,5.776204,3760000
2002-10-08,7.360000,7.595000,7.150000,7.545000,5.998823,3457200
2002-10-09,7.375000,7.950000,7.340000,7.385000,5.871612,3475200
2002-10-10,7.375000,7.795000,7.325000,7.775000,6.181692,2914800
2002-10-11,7.780000,8.265000,6.815000,8.235000,6.547425,9747600
2002-10-14,8.205000,8.475000,8.000000,8.370000,6.654760,4345200
2002-10-15,8.445000,8.725000,8.180000,8.515000,6.770045,2969400
2002-10-16,8.500000,8.500000,8.125000,8.245000,6.555374,1801200
2002-10-17,8.250000,8.445000,8.050000,8.085000,6.428164,4754400
2002-10-18,8.050000,8.180000,7.950000,8.170000,6.495743,3091400
2002-10-21,8.125000,8.225000,7.990000,8.195000,6.515622,3319600
2002-10-22,8.075000,8.170000,7.875000,7.900000,6.281077,3696600
2002-10-23,7.850000,7.850000,7.710000,7.755000,6.165790,5662200
2002-10-24,7.650000,7.975000,7.625000,7.865000,6.253248,6804400
2002-10-25,7.855000,8.340000,7.835000,8.290000,6.591154,3652400
2002-10-28,8.325000,8.450000,8.250000,8.380000,6.662709,2372000
2002-10-29,8.355000,8.525000,8.100000,8.500000,6.758117,3183800
2002-10-30,8.505000,8.600000,8.230000,8.435000,6.706438,3519000
2002-10-31,8.350000,8.375000,8.135000,8.265000,6.571277,2830800
2002-11-01,8.240000,8.525000,8.180000,8.425000,6.698490,2343400
2002-11-04,8.500000,8.695000,8.440000,8.575000,6.817749,1484400
2002-11-05,8.505000,8.700000,8.505000,8.665000,6.889308,1546400
2002-11-06,8.625000,9.000000,8.625000,8.965000,7.127830,2622800
2002-11-07,8.840000,8.840000,8.590000,8.685000,6.905209,2289400
2002-11-08,8.625000,8.725000,8.375000,8.400000,6.678613,1896000
2002-11-11,8.275000,8.500000,7.815000,8.000000,6.360584,3168400
2002-11-12,7.875000,8.245000,7.850000,8.105000,6.444064,2713800
2002-11-13,8.050000,8.500000,8.050000,8.415000,6.690538,2610000
2002-11-14,8.410000,8.545000,8.275000,8.505000,6.762095,1753800
2002-11-15,8.450000,8.525000,8.025000,8.265000,6.571277,3308200
2002-11-18,8.265000,8.310000,8.135000,8.275000,6.579226,1765600
2002-11-19,8.100000,8.260000,8.050000,8.175000,6.499722,1759400
2002-11-20,8.175000,8.250000,8.035000,8.130000,6.463942,2117800
2002-11-21,8.025000,8.275000,8.025000,8.245000,6.555374,6894600
2002-11-22,8.050000,8.200000,7.900000,7.900000,6.281077,4063600
2002-11-25,7.850000,8.095000,7.835000,8.000000,6.360584,3366600
2002-11-26,7.950000,8.140000,7.910000,8.055000,6.404312,5099800
2002-11-27,8.060000,8.875000,8.025000,8.760000,6.964839,4638800
2002-11-29,8.725000,8.995000,8.725000,8.795000,6.992665,1711000
2002-12-02,8.870000,9.000000,8.730000,8.860000,7.044345,2717600
2002-12-03,8.740000,8.925000,8.650000,8.790000,6.988691,2136800
2002-12-04,8.925000,9.285000,8.750000,9.205000,7.318642,3388600
2002-12-05,9.205000,9.220000,9.035000,9.205000,7.318642,2291800
2002-12-06,9.105000,9.355000,8.990000,9.330000,7.418027,2828600
2002-12-09,9.305000,9.495000,9.250000,9.280000,7.378274,3144200
2002-12-10,9.200000,9.200000,8.935000,9.125000,7.255042,2686200
2002-12-11,9.050000,9.415000,9.010000,9.365000,7.445856,3628800
2002-12-12,9.325000,9.655000,9.325000,9.515000,7.565122,2732600
2002-12-13,9.450000,9.515000,9.335000,9.480000,7.537291,2329000
2002-12-16,9.430000,9.750000,9.425000,9.675000,7.692329,4418600
2002-12-17,9.690000,10.300000,9.690000,10.105000,8.034211,3979800
2002-12-18,10.000000,10.175000,9.025000,9.510000,7.561141,11161600
2002-12-19,9.500000,9.545000,9.210000,9.240000,7.346474,4204800
2002-12-20,9.245000,9.445000,9.225000,9.400000,7.473687,3582800
2002-12-23,9.445000,9.535000,9.255000,9.460000,7.521388,2189600
2002-12-24,9.375000,9.500000,9.375000,9.460000,7.521388,821400
2002-12-26,9.465000,9.690000,9.450000,9.580000,7.616801,2218800
2002-12-27,9.475000,9.525000,9.415000,9.490000,7.545243,2195800
2002-12-30,9.490000,9.500000,9.380000,9.400000,7.473687,2298800
2002-12-31,9.400000,9.640000,9.400000,9.625000,7.652576,3389800
2003-01-02,9.725000,9.750000,9.600000,9.675000,7.692329,2237200
2003-01-03,9.575000,9.720000,9.550000,9.640000,7.664504,1872600
2003-01-06,9.675000,9.940000,9.630000,9.885000,7.859297,2402400
2003-01-07,9.850000,9.900000,9.730000,9.750000,7.751963,3546000
2003-01-08,9.665000,9.740000,9.540000,9.600000,7.679961,2065200
2003-01-09,9.425000,9.745000,9.425000,9.500000,7.599959,3642200
2003-01-10,9.425000,9.590000,9.375000,9.520000,7.615961,3925200
2003-01-13,9.520000,9.650000,9.450000,9.500000,7.599959,2148600
2003-01-14,9.505000,9.505000,9.100000,9.305000,7.443964,4114600
2003-01-15,9.315000,9.320000,9.100000,9.145000,7.315961,1895200
2003-01-16,9.145000,9.290000,9.125000,9.245000,7.395960,2173600
2003-01-17,9.245000,9.340000,9.150000,9.150000,7.319964,1693600
2003-01-21,9.200000,9.225000,8.810000,8.835000,7.067962,1716400
2003-01-22,8.750000,8.850000,8.615000,8.745000,6.995964,2763200
2003-01-23,8.800000,8.860000,8.765000,8.775000,7.019966,1266400
2003-01-24,8.750000,8.755000,8.550000,8.750000,6.999960,2886600
2003-01-27,8.750000,8.875000,8.600000,8.685000,6.947965,1609000
2003-01-28,8.745000,8.750000,8.525000,8.630000,6.903965,1037000
2003-01-29,8.625000,8.625000,8.425000,8.570000,6.855966,1626000
2003-01-30,8.580000,8.670000,8.470000,8.505000,6.803965,989400
2003-01-31,8.450000,8.850000,8.450000,8.825000,7.059964,1680800
2003-02-03,8.885000,9.075000,8.885000,9.050000,7.239964,1674000
2003-02-04,9.025000,9.035000,8.720000,8.825000,7.059964,1700200
2003-02-05,8.750000,9.040000,8.450000,8.500000,6.799965,4677200
2003-02-06,8.375000,8.380000,8.090000,8.150000,6.519967,3690200
2003-02-07,8.195000,8.290000,7.960000,8.005000,6.403966,1350200
2003-02-10,8.035000,8.325000,7.970000,8.315000,6.651966,1424200
2003-02-11,8.315000,8.325000,8.125000,8.180000,6.543967,1571800
2003-02-12,8.175000,8.220000,7.955000,8.000000,6.399968,1314600
2003-02-13,8.000000,8.300000,7.995000,8.300000,6.639966,1639600
2003-02-14,8.285000,8.300000,8.005000,8.090000,6.471966,2024200
2003-02-18,8.120000,8.310000,8.085000,8.305000,6.643967,2229200
2003-02-19,8.280000,8.540000,8.275000,8.530000,6.823964,2080600
2003-02-20,8.515000,8.605000,8.350000,8.410000,6.727963,2620800
2003-02-21,8.400000,8.625000,8.355000,8.535000,6.827965,1413200
2003-02-24,8.515000,8.520000,8.280000,8.410000,6.727963,1146600
2003-02-25,8.410000,8.410000,8.130000,8.375000,6.699965,1895800
2003-02-26,8.400000,8.470000,8.260000,8.305000,6.643967,1988400
2003-02-27,8.310000,8.350000,8.165000,8.215000,6.571967,2306200
2003-02-28,8.075000,8.290000,8.055000,8.210000,6.567966,1169200
2003-03-03,8.295000,8.375000,8.085000,8.105000,6.483965,1417200
2003-03-04,8.065000,8.065000,7.800000,7.850000,6.279968,1837600
2003-03-05,7.880000,7.940000,7.750000,7.915000,6.331968,1519600
2003-03-06,7.865000,7.870000,7.580000,7.750000,6.199967,1799600
2003-03-07,7.625000,7.950000,7.625000,7.940000,6.351967,1681000
2003-03-10,7.895000,7.910000,7.780000,7.810000,6.247967,1740000
2003-03-11,7.840000,7.905000,7.770000,7.815000,6.251969,1771600
2003-03-12,7.785000,7.880000,7.735000,7.850000,6.279968,1775800
2003-03-13,7.950000,8.290000,7.950000,8.290000,6.631966,2075200
2003-03-14,8.290000,8.290000,6.775000,7.035000,5.627970,14657600
2003-03-17,7.040000,7.315000,6.885000,7.275000,5.819970,6173600
2003-03-18,7.400000,7.860000,7.360000,7.860000,6.287969,4943000
2003-03-19,7.850000,7.940000,7.710000,7.800000,6.239968,2431600
2003-03-20,7.760000,7.830000,7.580000,7.790000,6.231967,4875800
2003-03-21,7.925000,8.150000,7.840000,8.150000,6.519967,3267200
2003-03-24,8.150000,8.150000,7.780000,7.930000,6.343966,1749200
2003-03-25,7.850000,8.060000,7.785000,7.930000,6.343966,2424600
2003-03-26,7.950000,8.315000,7.935000,8.135000,6.507966,2230000
2003-03-27,8.050000,8.165000,7.935000,8.100000,6.479968,1230200
2003-03-28,8.045000,8.115000,7.960000,8.020000,6.415966,996400
2003-03-31,8.025000,8.350000,7.950000,8.200000,6.559966,2144600
2003-04-01,8.250000,8.250000,8.000000,8.000000,6.399968,4238200
2003-04-02,8.025000,8.155000,7.950000,7.950000,6.359967,4987600
2003-04-03,8.000000,8.050000,7.950000,8.000000,6.399968,3364000
2003-04-04,8.000000,8.125000,7.975000,8.090000,6.520875,3453200
2003-04-07,8.225000,8.300000,8.035000,8.050000,6.488632,3130400
2003-04-08,8.100000,8.175000,8.075000,8.100000,6.528935,2763600
2003-04-09,8.150000,8.175000,7.870000,7.900000,6.367726,3309400
2003-04-10,7.920000,8.080000,7.905000,8.035000,6.476539,4427400
2003-04-11,8.150000,8.175000,8.005000,8.050000,6.488632,1785000
2003-04-14,8.055000,8.170000,7.985000,7.990000,6.440267,3306400
2003-04-15,8.075000,8.080000,7.910000,8.000000,6.448329,3833400
2003-04-16,8.040000,8.065000,7.870000,7.870000,6.343542,2917600
2003-04-17,7.900000,8.030000,7.875000,7.980000,6.432208,1980200
2003-04-21,8.025000,8.025000,7.845000,7.900000,6.367726,2458800
2003-04-22,7.900000,8.070000,7.850000,8.000000,6.448329,5300200
2003-04-23,8.015000,8.025000,7.945000,8.010000,6.456390,4037400
2003-04-24,8.010000,8.165000,7.980000,8.100000,6.528935,5129400
2003-04-25,8.125000,8.125000,7.925000,7.975000,6.428177,2096200
2003-04-28,7.975000,8.135000,7.975000,8.090000,6.520875,5785200
2003-04-29,8.130000,8.435000,8.130000,8.325000,6.710292,5156400
2003-04-30,8.495000,8.965000,8.495000,8.700000,7.012556,16863600
2003-05-01,8.750000,9.275000,8.625000,9.200000,7.415578,5537000
2003-05-02,9.200000,9.500000,9.105000,9.200000,7.415578,4967600
2003-05-05,9.225000,9.250000,9.070000,9.090000,7.326915,4008200
2003-05-06,9.100000,9.395000,9.090000,9.355000,7.540514,3281800
2003-05-07,9.330000,9.440000,9.215000,9.265000,7.467971,2634000
2003-05-08,9.000000,9.300000,9.000000,9.200000,7.415578,2498400
2003-05-09,9.200000,9.300000,9.105000,9.200000,7.415578,3096000
2003-05-12,9.200000,9.300000,9.060000,9.250000,7.455880,3582600
2003-05-13,9.200000,9.575000,9.185000,9.465000,7.629183,4669000
2003-05-14,9.550000,9.600000,9.440000,9.485000,7.645299,2910600
2003-05-15,9.450000,9.585000,9.325000,9.540000,7.689635,2911800
2003-05-16,9.525000,9.765000,9.425000,9.765000,7.870993,3247800
2003-05-19,9.600000,9.600000,9.465000,9.560000,7.705756,2372200
2003-05-20,9.525000,9.755000,9.515000,9.620000,7.754115,2687000
2003-05-21,9.625000,9.790000,9.375000,9.750000,7.858900,3207600
2003-05-22,9.875000,10.375000,9.780000,10.180000,8.205499,4189000
2003-05-23,10.185000,10.375000,10.060000,10.290000,8.294165,2540000
2003-05-27,10.290000,10.290000,10.115000,10.245000,8.257893,2785200
2003-05-28,10.160000,10.500000,10.090000,10.490000,8.455376,2776200
2003-05-29,10.475000,10.710000,10.220000,10.290000,8.294165,3748800
2003-05-30,9.810000,10.355000,9.810000,10.025000,8.080562,5305000
2003-06-02,10.050000,10.150000,9.950000,9.990000,8.052350,3499200
2003-06-03,9.990000,10.085000,9.970000,10.050000,8.100717,3362200
2003-06-04,10.050000,10.375000,10.030000,10.350000,8.342527,2705000
2003-06-05,10.210000,10.540000,10.200000,10.505000,8.467463,3434400
2003-06-06,10.650000,11.060000,10.400000,10.450000,8.423127,4752200
2003-06-09,10.430000,10.490000,10.125000,10.160000,8.189376,2830400
2003-06-10,10.135000,10.475000,10.135000,10.460000,8.431191,3020400
2003-06-11,10.415000,10.660000,10.415000,10.575000,8.523885,3468000
2003-06-12,10.525000,10.670000,10.440000,10.525000,8.483582,2959600
2003-06-13,10.575000,10.610000,10.475000,10.590000,8.535975,2803400
2003-06-16,10.575000,10.795000,10.500000,10.775000,8.685094,2692000
2003-06-17,10.775000,11.275000,10.700000,11.180000,9.011540,3874400
2003-06-18,11.180000,11.300000,11.005000,11.200000,9.027660,4239800
2003-06-19,11.270000,11.270000,10.875000,10.900000,8.785851,2492600
2003-06-20,11.000000,11.065000,10.920000,10.975000,8.846305,3907600
2003-06-23,10.900000,10.910000,10.705000,10.745000,8.660917,1397000
2003-06-24,10.745000,10.815000,10.630000,10.630000,8.568222,1658400
2003-06-25,10.650000,10.905000,10.625000,10.720000,8.640759,3661800
2003-06-26,10.695000,10.935000,10.625000,10.920000,8.801967,2506600
2003-06-27,10.975000,11.000000,10.810000,10.965000,8.838243,2512400
2003-06-30,10.925000,10.930000,10.740000,10.820000,8.721362,2521800
2003-07-01,10.740000,10.830000,10.495000,10.740000,8.656878,3675000
2003-07-02,10.800000,11.080000,10.750000,11.005000,8.870482,2752200
2003-07-03,11.000000,11.045000,10.795000,10.990000,8.858391,1048600
2003-07-07,11.005000,11.295000,11.000000,11.160000,8.995420,1746600
2003-07-08,11.070000,11.200000,10.975000,11.200000,9.080550,1741600
2003-07-09,11.150000,11.220000,11.080000,11.155000,9.044065,1140600
2003-07-10,11.055000,11.100000,10.920000,11.025000,8.938667,1621600
2003-07-11,11.075000,11.255000,11.000000,11.050000,8.958934,1759200
2003-07-14,11.100000,11.235000,11.045000,11.125000,9.019742,1206200
2003-07-15,11.175000,11.200000,11.025000,11.125000,9.019742,1048200
2003-07-16,11.145000,11.175000,10.925000,11.000000,8.918396,1045200
2003-07-17,10.995000,11.000000,10.885000,10.945000,8.873805,1699000
2003-07-18,10.945000,10.985000,10.825000,10.955000,8.881914,2020600
2003-07-21,11.000000,11.070000,10.875000,10.960000,8.885970,990200
2003-07-22,10.975000,10.995000,10.815000,10.965000,8.890025,1470600
2003-07-23,10.975000,11.090000,10.875000,11.045000,8.954883,2170800
2003-07-24,11.150000,11.490000,11.130000,11.295000,9.157571,1885600
2003-07-25,11.225000,11.680000,11.100000,11.635000,9.433229,2149000
2003-07-28,11.615000,11.670000,11.410000,11.535000,9.352159,3253200
2003-07-29,11.540000,11.645000,11.280000,11.355000,9.206217,2927400
2003-07-30,11.250000,11.320000,11.150000,11.225000,9.100823,6427800
2003-07-31,11.500000,11.775000,11.310000,11.500000,9.323776,6292400
2003-08-01,11.325000,11.500000,11.000000,11.075000,8.979205,3953200
2003-08-04,10.475000,10.910000,10.430000,10.840000,8.788675,4763200
2003-08-05,10.925000,10.970000,10.725000,10.725000,8.695437,3608800
2003-08-06,10.725000,10.745000,10.525000,10.575000,8.573824,3977200
2003-08-07,10.550000,10.590000,10.450000,10.510000,8.521120,3658600
2003-08-08,10.550000,10.675000,10.530000,10.670000,8.650843,2301400
2003-08-11,10.695000,10.745000,10.560000,10.745000,8.711652,2809200
2003-08-12,10.765000,10.985000,10.700000,10.945000,8.873805,3943600
2003-08-13,10.945000,11.050000,10.945000,11.000000,8.918396,3546600
2003-08-14,11.025000,11.245000,10.965000,11.225000,9.100823,2877200
2003-08-15,11.200000,11.225000,11.015000,11.105000,9.003527,1531200
2003-08-18,11.185000,11.250000,11.115000,11.175000,9.060283,2892200
2003-08-19,11.180000,11.500000,11.175000,11.400000,9.242701,5217400
2003-08-20,11.425000,11.525000,11.325000,11.345000,9.198112,4320800
2003-08-21,12.750000,13.175000,11.740000,12.060000,9.777807,16526000
2003-08-22,12.100000,12.285000,12.015000,12.020000,9.745373,4059000
2003-08-25,12.050000,12.200000,12.005000,12.155000,9.854831,3212000
2003-08-26,12.125000,12.265000,12.010000,12.180000,9.875095,3011000
2003-08-27,12.205000,12.500000,12.205000,12.455000,10.098059,2429800
2003-08-28,12.500000,12.725000,12.480000,12.725000,10.316964,5139200
2003-08-29,12.700000,12.865000,12.650000,12.855000,10.422362,2521000
2003-09-02,12.830000,12.995000,12.775000,12.995000,10.535872,2994200
2003-09-03,13.000000,13.275000,12.950000,13.025000,10.560192,4701000
2003-09-04,13.025000,13.050000,12.775000,12.940000,10.491280,3032400
2003-09-05,12.940000,12.940000,12.605000,12.675000,10.276425,2766200
2003-09-08,12.675000,12.705000,12.475000,12.585000,10.203460,3381800
2003-09-09,12.525000,12.855000,12.490000,12.625000,10.235887,3152400
2003-09-10,12.550000,12.600000,12.425000,12.505000,10.138594,3667600
2003-09-11,12.530000,12.560000,12.480000,12.525000,10.154812,2218200
2003-09-12,12.450000,12.450000,12.205000,12.375000,10.033195,2546400
2003-09-15,12.375000,12.525000,12.350000,12.425000,10.073736,1736200
2003-09-16,12.350000,12.395000,12.235000,12.365000,10.025089,1587600
2003-09-17,12.305000,12.340000,12.200000,12.310000,9.980500,1358600
2003-09-18,12.375000,12.950000,12.375000,12.790000,10.369659,2849400
2003-09-19,12.790000,12.790000,12.450000,12.625000,10.235887,1990000
2003-09-22,12.525000,12.525000,12.125000,12.180000,9.875095,2237200
2003-09-23,12.180000,12.500000,11.995000,12.370000,10.029144,2484400
2003-09-24,12.375000,12.465000,12.165000,12.200000,9.891314,2551800
2003-09-25,12.200000,12.210000,11.960000,12.015000,9.741322,3519000
2003-09-26,12.000000,12.200000,11.750000,12.050000,9.769701,2818200
2003-09-29,12.075000,12.440000,11.980000,12.270000,9.948068,2948000
2003-09-30,12.250000,12.250000,11.795000,11.970000,9.704842,4503200
2003-10-01,12.015000,12.205000,11.880000,12.200000,9.891314,1545600
2003-10-02,12.150000,12.375000,12.055000,12.275000,9.952120,1223400
2003-10-03,12.475000,12.520000,12.295000,12.415000,10.065625,2267200
2003-10-06,12.395000,12.395000,12.200000,12.380000,10.037251,1451800
2003-10-07,12.380000,12.380000,12.195000,12.340000,10.004825,1827600
2003-10-08,12.320000,12.350000,12.225000,12.350000,10.065950,1819400
2003-10-09,12.350000,12.640000,12.350000,12.515000,10.200434,2622600
2003-10-10,12.445000,12.625000,12.350000,12.605000,10.273789,1268800
2003-10-13,12.655000,12.775000,12.620000,12.675000,10.330845,1537200
2003-10-14,12.750000,13.025000,12.690000,13.005000,10.599810,2054400
2003-10-15,13.000000,13.000000,12.225000,12.390000,10.098552,6925400
2003-10-16,12.390000,12.600000,12.350000,12.540000,10.220808,3323200
2003-10-17,12.540000,12.540000,12.030000,12.070000,9.837734,4544800
2003-10-20,12.150000,12.150000,11.970000,12.000000,9.780682,2047800
2003-10-21,12.000000,12.000000,11.720000,11.765000,9.589141,2491600
2003-10-22,11.750000,11.755000,11.540000,11.620000,9.470957,2333400
2003-10-23,11.620000,11.885000,11.585000,11.870000,9.674725,2130200
2003-10-24,11.810000,12.045000,11.760000,11.980000,9.764375,1998600
2003-10-27,11.980000,12.220000,11.980000,12.150000,9.902942,2254600
2003-10-28,12.185000,12.375000,12.175000,12.375000,10.086327,3042200
2003-10-29,12.310000,12.400000,12.265000,12.375000,10.086327,2306200
2003-10-30,12.425000,12.485000,12.325000,12.405000,10.110777,2242600
2003-10-31,12.500000,12.600000,12.450000,12.525000,10.208586,3606800
2003-11-03,12.595000,12.725000,12.550000,12.670000,10.326766,2754600
2003-11-04,12.670000,12.670000,12.535000,12.585000,10.257491,3534800
2003-11-05,12.585000,12.670000,12.525000,12.660000,10.318617,2601800
2003-11-06,12.665000,12.740000,12.550000,12.580000,10.253410,2168200
2003-11-07,12.675000,12.745000,12.560000,12.690000,10.343070,1810400
2003-11-10,12.665000,12.665000,12.420000,12.460000,10.155605,2127000
2003-11-11,12.525000,12.550000,12.490000,12.545000,10.224886,3444600
2003-11-12,12.570000,12.910000,12.545000,12.825000,10.453101,2158000
2003-11-13,12.990000,13.000000,12.795000,12.950000,10.554984,2697000
2003-11-14,12.890000,13.050000,12.770000,12.850000,10.473476,1693800
2003-11-17,12.860000,12.910000,12.650000,12.870000,10.489778,2092000
2003-11-18,13.050000,13.250000,13.010000,13.155000,10.722070,2359800
2003-11-19,13.155000,13.500000,13.155000,13.475000,10.982891,3554800
2003-11-20,13.400000,13.445000,13.245000,13.310000,10.848404,2983800
2003-11-21,13.305000,13.315000,13.115000,13.230000,10.783197,2029600
2003-11-24,13.230000,13.505000,13.175000,13.500000,11.003263,2466400
2003-11-25,13.430000,13.770000,13.365000,13.750000,11.207028,3071000
2003-11-26,13.700000,13.710000,13.395000,13.620000,11.101071,1444800
2003-11-28,13.600000,13.675000,13.555000,13.560000,11.052170,446000
2003-12-01,13.625000,14.200000,13.525000,14.160000,11.541203,2668800
2003-12-02,14.050000,14.170000,13.875000,14.000000,11.410795,2336000
2003-12-03,14.000000,14.290000,13.825000,13.825000,11.268160,2221400
2003-12-04,13.830000,13.980000,13.825000,13.935000,11.357812,1359000
2003-12-05,13.940000,13.940000,13.640000,13.725000,11.186653,1300400
2003-12-08,13.665000,13.935000,13.630000,13.935000,11.357812,1367400
2003-12-09,13.950000,13.990000,13.750000,13.795000,11.243705,1316800
2003-12-10,13.765000,13.795000,13.590000,13.635000,11.113298,890000
2003-12-11,13.630000,13.775000,13.505000,13.740000,11.198877,1498600
2003-12-12,13.790000,13.995000,13.700000,13.995000,11.406716,1105000
2003-12-15,14.040000,14.050000,13.650000,13.710000,11.174426,1704800
2003-12-16,13.650000,13.765000,13.595000,13.740000,11.198877,1353800
2003-12-17,13.640000,13.640000,12.850000,13.325000,10.860625,5413800
2003-12-18,13.325000,13.400000,13.225000,13.325000,10.860625,3178600
2003-12-19,13.390000,13.390000,13.100000,13.220000,10.775051,3573000
2003-12-22,13.300000,13.720000,13.300000,13.720000,11.182578,1893400
2003-12-23,13.750000,14.160000,13.750000,14.090000,11.484146,3029800
2003-12-24,13.950000,13.990000,13.925000,13.930000,11.353742,727600
2003-12-26,13.990000,14.100000,13.980000,14.055000,11.455624,772800
2003-12-29,14.060000,14.285000,14.020000,14.270000,11.630859,1445200
2003-12-30,14.320000,14.390000,14.125000,14.280000,11.639010,1167600
2003-12-31,14.060000,14.450000,14.060000,14.390000,11.728665,1567400
2004-01-02,14.390000,14.505000,14.310000,14.360000,11.704216,2463600
2004-01-05,14.450000,14.605000,14.385000,14.570000,11.875377,1855200
2004-01-06,14.450000,14.450000,14.035000,14.120000,11.508602,4931000
2004-01-07,14.070000,14.700000,14.065000,14.600000,11.954859,3841400
2004-01-08,14.595000,14.675000,14.460000,14.615000,11.967141,2189600
2004-01-09,14.450000,14.515000,14.285000,14.390000,11.782908,3779800
2004-01-12,14.350000,14.600000,14.325000,14.510000,11.881165,2222000
2004-01-13,14.425000,14.550000,14.420000,14.500000,11.872978,2406600
2004-01-14,14.500000,14.540000,14.420000,14.535000,11.901634,1459400
2004-01-15,14.575000,14.590000,14.465000,14.515000,11.885257,1995400
2004-01-16,14.575000,14.600000,14.420000,14.575000,11.934389,2578800
2004-01-20,14.550000,14.620000,14.445000,14.500000,11.872978,1745800
2004-01-21,14.475000,14.555000,14.405000,14.530000,11.897543,3314200
2004-01-22,14.500000,14.690000,14.500000,14.645000,11.991706,2193000
2004-01-23,14.650000,14.685000,14.505000,14.575000,11.934389,3673000
2004-01-26,14.525000,14.785000,14.510000,14.750000,12.077685,2848400
2004-01-27,14.785000,15.180000,14.770000,15.180000,12.429780,4951200
2004-01-28,15.125000,15.370000,15.000000,15.060000,12.331521,4047600
2004-01-29,15.035000,15.150000,14.930000,15.150000,12.405213,3025600
2004-01-30,15.100000,15.300000,15.000000,15.295000,12.523943,2899800
2004-02-02,15.250000,15.470000,15.165000,15.360000,12.577166,3494200
2004-02-03,15.275000,15.370000,15.030000,15.185000,12.433872,3216800
2004-02-04,15.155000,15.185000,14.965000,14.975000,12.261919,4367000
2004-02-05,15.000000,15.175000,14.975000,15.155000,12.409306,3753800
2004-02-06,15.700000,17.475000,15.700000,16.145000,13.219949,13005800
2004-02-09,16.125000,16.200001,15.825000,15.900000,13.019333,3743400
2004-02-10,15.905000,15.990000,15.730000,15.815000,12.949733,3320200
2004-02-11,15.740000,16.160000,15.640000,15.975000,13.080746,3103600
2004-02-12,15.975000,16.045000,15.655000,15.805000,12.941544,2117000
2004-02-13,15.725000,15.760000,15.555000,15.625000,12.794154,2248800
2004-02-17,15.725000,16.000000,15.725000,15.870000,12.994766,1607000
2004-02-18,15.840000,15.970000,15.745000,15.805000,12.941544,2581600
2004-02-19,15.875000,16.219999,15.875000,15.920000,13.035711,2448000
2004-02-20,15.990000,16.120001,15.905000,15.955000,13.064371,3216800
2004-02-23,15.975000,16.059999,15.780000,15.890000,13.011147,2792400
2004-02-24,15.750000,16.225000,15.605000,16.014999,13.113499,4833200
2004-02-25,16.250000,16.350000,16.094999,16.275000,13.326394,3548400
2004-02-26,16.250000,16.320000,16.065001,16.254999,13.310013,2147200
2004-02-27,16.299999,16.700001,16.200001,16.520000,13.527007,3135400
2004-03-01,16.500000,16.809999,16.500000,16.740000,13.707146,2699800
2004-03-02,16.750000,17.000000,16.750000,16.910000,13.846340,3130600
2004-03-03,16.764999,16.764999,16.565001,16.639999,13.625263,2999800
2004-03-04,16.674999,17.000000,16.559999,16.965000,13.891384,1693400
2004-03-05,16.750000,17.195000,16.745001,17.174999,14.063335,3355400
2004-03-08,17.170000,17.325001,17.075001,17.240000,14.116558,2388800
2004-03-09,17.245001,17.475000,17.200001,17.330000,14.190257,3321600
2004-03-10,17.334999,17.875000,17.334999,17.855000,14.620136,7079000
2004-03-11,17.600000,17.975000,17.430000,17.504999,14.333550,6698400
2004-03-12,17.500000,17.754999,17.160000,17.295000,14.161596,3718200
2004-03-15,17.100000,17.254999,16.510000,17.080000,13.985549,2812000
2004-03-16,17.275000,17.540001,17.000000,17.219999,14.100189,3186800
2004-03-17,17.250000,17.745001,17.250000,17.555000,14.374495,2641200
2004-03-18,17.500000,17.500000,17.004999,17.340000,14.198446,2661000
2004-03-19,17.350000,17.555000,17.125000,17.125000,14.022394,2632800
2004-03-22,16.799999,16.995001,16.740000,16.885000,13.825876,2906000
2004-03-23,16.889999,17.330000,16.889999,16.980000,13.903660,2673000
2004-03-24,16.950001,17.150000,16.924999,17.065001,13.973268,3036800
2004-03-25,17.065001,17.340000,17.065001,17.245001,14.120657,2386400
2004-03-26,17.125000,17.325001,16.995001,17.215000,14.096093,1879400
2004-03-29,17.410000,17.745001,17.400000,17.510000,14.337645,1895000
2004-03-30,17.635000,18.219999,17.635000,18.070000,14.796185,5799800
2004-03-31,18.090000,18.375000,17.750000,18.334999,15.013173,4517000
2004-04-01,18.334999,18.500000,18.155001,18.299999,14.984519,2853400
2004-04-02,18.445000,18.545000,18.070000,18.250000,14.943576,2811800
2004-04-05,18.365000,18.500000,18.155001,18.415001,15.078679,2522800
2004-04-06,18.250000,18.434999,18.139999,18.405001,15.123876,2821000
2004-04-07,18.334999,18.450001,18.184999,18.299999,15.037598,1575200
2004-04-08,18.424999,18.475000,18.139999,18.299999,15.037598,1827200
2004-04-12,18.305000,18.445000,18.260000,18.344999,15.074572,1434800
2004-04-13,18.400000,18.475000,18.000000,18.080000,14.856812,2298800
2004-04-14,18.000000,18.120001,17.825001,18.004999,14.795177,2713000
2004-04-15,18.049999,18.320000,17.915001,17.995001,14.786973,1754800
2004-04-16,18.200001,18.250000,17.934999,18.084999,14.860927,1793200
2004-04-19,18.025000,18.129999,17.924999,18.090000,14.865030,1588600
2004-04-20,18.150000,18.235001,17.559999,17.559999,14.429521,2109400
2004-04-21,17.450001,17.629999,17.254999,17.600000,14.462387,2695600
2004-04-22,17.525000,18.129999,17.525000,18.080000,14.856812,3792600
2004-04-23,18.094999,18.260000,17.879999,18.225000,14.975964,1670600
2004-04-26,18.075001,18.275000,18.014999,18.125000,14.893797,1951800
2004-04-27,18.225000,18.415001,18.195000,18.415001,15.132096,2825400
2004-04-28,18.290001,18.295000,17.785000,18.000000,14.791072,2552200
2004-04-29,17.875000,18.020000,17.309999,17.430000,14.322695,2072400
2004-04-30,17.440001,17.650000,17.110001,17.295000,14.211762,2407800
2004-05-03,17.295000,17.309999,16.754999,17.120001,14.067957,3444400
2004-05-04,17.075001,17.860001,17.070000,17.305000,14.219973,3286200
2004-05-05,17.299999,17.375000,17.035000,17.205000,14.137809,2157600
2004-05-06,17.075001,17.094999,16.725000,16.855000,13.850199,2212600
2004-05-07,16.855000,16.865000,16.434999,16.495001,13.554379,2041000
2004-05-10,16.150000,16.299999,15.850000,15.990000,13.139407,2831000
2004-05-11,16.000000,16.344999,15.930000,16.290001,13.385922,1373400
2004-05-12,16.299999,16.370001,15.680000,16.020000,13.164060,3137600
2004-05-13,15.975000,16.525000,15.935000,16.510000,13.566703,3621000
2004-05-14,16.510000,16.705000,16.209999,16.459999,13.525615,2753600
2004-05-17,16.465000,16.535000,16.170000,16.504999,13.562595,3702200
2004-05-18,16.504999,16.665001,16.430000,16.584999,13.628333,2633200
2004-05-19,16.900000,16.975000,16.740000,16.860001,13.854307,2628200
2004-05-20,16.860001,16.895000,16.600000,16.600000,13.640655,1789200
2004-05-21,16.605000,16.825001,16.469999,16.540001,13.591354,1987400
2004-05-24,16.584999,16.740000,16.395000,16.485001,13.546160,1370400
2004-05-25,16.510000,16.855000,16.309999,16.805000,13.809120,2232400
2004-05-26,16.855000,17.155001,16.855000,17.000000,13.969354,1163600
2004-05-27,17.125000,17.405001,17.105000,17.195000,14.129586,1616600
2004-05-28,17.299999,17.299999,17.075001,17.250000,14.174780,1541600
2004-06-01,17.250000,17.315001,17.000000,17.209999,14.141914,1539200
2004-06-02,17.125000,17.480000,17.070000,17.450001,14.339123,1678400
2004-06-03,17.325001,17.504999,17.090000,17.450001,14.339123,2612200
2004-06-04,17.610001,17.650000,17.440001,17.549999,14.421295,1926200
2004-06-07,17.745001,17.780001,17.620001,17.690001,14.536350,1027000
2004-06-08,17.650000,17.740000,17.605000,17.740000,14.577428,1183200
2004-06-09,17.695000,17.730000,17.485001,17.485001,14.367888,1258800
2004-06-10,17.485001,17.485001,17.014999,17.205000,14.137809,2903600
2004-06-14,17.219999,17.350000,17.080000,17.155001,14.096720,1300600
2004-06-15,17.250000,17.540001,17.200001,17.440001,14.330911,2102600
2004-06-16,17.490000,17.555000,17.264999,17.450001,14.339123,1445800
2004-06-17,17.485001,17.655001,17.355000,17.575001,14.441844,2077200
2004-06-18,17.580000,17.750000,17.575001,17.709999,14.552776,1920000
2004-06-21,17.885000,18.020000,17.625000,17.844999,14.663702,3261400
2004-06-22,17.860001,17.950001,17.639999,17.795000,14.622623,2407800
2004-06-23,17.834999,17.995001,17.790001,17.875000,14.688358,1760800
2004-06-24,17.915001,17.924999,17.610001,17.615000,14.474711,2165600
2004-06-25,17.799999,18.000000,17.600000,17.740000,14.577428,2473000
2004-06-28,17.975000,18.170000,17.930000,18.139999,14.906121,4541400
2004-06-29,18.155001,18.684999,18.094999,18.600000,15.284111,3609200
2004-06-30,18.500000,19.250000,18.139999,19.250000,15.818237,7583400
2004-07-01,18.950001,19.049999,18.125000,18.340000,15.070467,5140600
2004-07-02,18.525000,18.665001,18.379999,18.495001,15.197834,2211200
2004-07-06,18.495001,18.725000,18.445000,18.495001,15.197834,2905600
2004-07-07,18.450001,18.530001,18.250000,18.455000,15.224646,3785800
2004-07-08,18.424999,18.495001,18.250000,18.340000,15.129775,1078000
2004-07-09,18.440001,18.500000,18.334999,18.445000,15.216391,1334200
2004-07-12,18.445000,18.445000,18.084999,18.209999,15.022526,1715000
2004-07-13,18.184999,18.230000,18.010000,18.150000,14.973029,1673400
2004-07-14,18.065001,18.270000,18.030001,18.135000,14.960658,2159400
2004-07-15,18.200001,18.379999,18.180000,18.219999,15.030777,2933200
2004-07-16,18.365000,18.389999,18.245001,18.290001,15.088528,1485000
2004-07-19,18.330000,18.389999,18.225000,18.290001,15.088528,1177800
2004-07-20,18.400000,18.660000,18.254999,18.645000,15.381380,2602800
2004-07-21,18.750000,18.975000,18.559999,18.610001,15.352514,3517400
2004-07-22,18.610001,18.740000,18.500000,18.504999,15.265891,3992000
2004-07-23,18.330000,18.490000,18.165001,18.275000,15.076149,2558800
2004-07-26,18.270000,18.330000,17.889999,17.985001,14.836911,2160800
2004-07-27,18.025000,18.120001,17.775000,18.100000,14.931782,3160600
2004-07-28,18.000000,18.330000,17.905001,18.290001,15.088528,1836600
2004-07-29,18.365000,18.415001,18.115000,18.325001,15.117394,2023000
2004-07-30,18.225000,18.275000,17.980000,18.129999,14.956528,2015800
2004-08-02,18.000000,18.004999,17.860001,17.985001,14.836911,2456400
2004-08-03,17.990000,18.025000,17.885000,17.924999,14.787415,2358800
2004-08-04,17.900000,18.020000,17.575001,17.924999,14.787415,3183000
2004-08-05,17.975000,18.160000,17.860001,17.924999,14.787415,3031000
2004-08-06,17.600000,17.889999,17.549999,17.655001,14.564672,3816400
2004-08-09,17.700001,17.820000,17.660000,17.690001,14.593546,1716200
2004-08-10,17.799999,18.030001,17.790001,18.000000,14.849288,3513600
2004-08-11,18.000000,18.240000,17.809999,18.184999,15.001900,1853200
2004-08-12,18.150000,18.155001,17.684999,17.840000,14.717294,2204600
2004-08-13,17.875000,17.875000,17.660000,17.840000,14.717294,1312200
2004-08-16,17.775000,18.160000,17.715000,18.080000,14.915283,2347600
2004-08-17,18.000000,18.315001,17.875000,18.049999,14.890531,1782200
2004-08-18,18.025000,18.260000,17.900000,18.230000,15.039029,2768600
2004-08-19,18.260000,18.400000,18.120001,18.125000,14.952398,3376200
2004-08-20,18.125000,18.299999,18.110001,18.160000,14.981277,2724400
2004-08-23,18.260000,18.375000,18.110001,18.110001,14.940029,2076000
2004-08-24,18.139999,18.405001,18.080000,18.260000,15.063776,1796000
2004-08-25,18.285000,18.415001,18.240000,18.395000,15.175148,2195400
2004-08-26,18.315001,18.385000,18.250000,18.250000,15.055524,1188000
2004-08-27,18.200001,18.389999,18.184999,18.334999,15.125648,1371200
2004-08-30,18.260000,18.410000,18.250000,18.325001,15.117394,1331600
2004-08-31,18.250000,18.340000,18.200001,18.299999,15.096776,2799200
2004-09-01,18.240000,18.440001,18.240000,18.400000,15.179269,1657000
2004-09-02,18.375000,18.615000,18.350000,18.605000,15.348390,1581400
2004-09-03,18.575001,18.719999,18.530001,18.655001,15.389641,1353600
2004-09-07,18.645000,18.730000,18.545000,18.730000,15.451508,1565400
2004-09-08,18.730000,18.750000,18.344999,18.440001,15.212266,2133400
2004-09-09,18.650000,18.730000,18.389999,18.450001,15.220524,2726000
2004-09-10,18.450001,18.450001,18.205000,18.315001,15.109141,2638400
2004-09-13,18.385000,18.450001,18.250000,18.275000,15.076149,1770400
2004-09-14,18.150000,18.174999,17.945000,18.049999,14.890531,2792200
2004-09-15,18.094999,18.160000,17.700001,17.715000,14.614164,2861400
2004-09-16,17.785000,17.785000,17.525000,17.610001,14.527547,3002600
2004-09-17,17.690001,17.955000,17.559999,17.709999,14.610044,2028000
2004-09-20,17.709999,17.879999,17.684999,17.825001,14.704913,2016800
2004-09-21,17.760000,17.825001,17.615000,17.760000,14.651295,1861400
2004-09-22,17.760000,17.875000,17.530001,17.600000,14.519298,1264800
2004-09-23,17.545000,17.615000,17.360001,17.365000,14.325433,2471400
2004-09-24,17.315001,17.385000,17.075001,17.299999,14.271811,3422200
2004-09-27,17.250000,17.455000,17.190001,17.405001,14.358434,1638200
2004-09-28,17.405001,17.969999,17.405001,17.965000,14.820408,3584800
2004-09-29,17.860001,17.924999,17.584999,17.650000,14.560550,1725800
2004-09-30,17.655001,18.235001,17.655001,18.209999,15.022526,2778200
2004-10-01,18.254999,18.360001,18.100000,18.264999,15.067899,2651800
2004-10-04,18.285000,18.405001,18.125000,18.205000,15.018400,2561000
2004-10-05,18.424999,18.750000,18.275000,18.370001,15.154513,5328200
2004-10-06,18.295000,18.650000,17.625000,18.420000,15.255980,3784200
2004-10-07,18.420000,19.170000,18.405001,18.915001,15.665961,5497600
2004-10-08,18.915001,19.145000,18.719999,18.959999,15.703227,4236400
2004-10-11,19.020000,19.250000,18.969999,19.219999,15.918556,2465200
2004-10-12,19.139999,19.605000,19.025000,19.485001,16.138046,4241000
2004-10-13,19.995001,19.995001,19.195000,19.485001,16.138046,4608000
2004-10-14,19.424999,19.590000,19.080000,19.115000,15.831599,3642600
2004-10-15,19.260000,19.459999,19.049999,19.190001,15.893712,3427200
2004-10-18,19.139999,19.700001,19.049999,19.535000,16.179451,1906000
2004-10-19,19.525000,19.815001,19.250000,19.250000,15.943408,1833800
2004-10-20,19.260000,19.480000,19.200001,19.400000,16.067638,2075200
2004-10-21,19.455000,19.615000,19.230000,19.525000,16.171173,1539600
2004-10-22,19.525000,19.754999,19.389999,19.535000,16.179451,2530000
2004-10-25,19.500000,19.660000,19.395000,19.610001,16.241571,1812800
2004-10-26,19.610001,20.219999,19.400000,20.209999,16.738512,6026000
2004-10-27,20.275000,21.250000,20.125000,20.895000,17.305845,5923600
2004-10-28,20.895000,20.950001,20.660000,20.790001,17.218887,2590400
2004-10-29,20.795000,21.395000,20.795000,21.375000,17.703396,2580800
2004-11-01,21.375000,21.410000,21.065001,21.125000,17.496342,2574200
2004-11-02,21.135000,21.365000,20.865000,20.905001,17.314131,2194600
2004-11-03,21.200001,21.395000,21.014999,21.070000,17.450783,3481000
2004-11-04,21.125000,21.299999,20.780001,21.299999,17.641273,3476600
2004-11-05,21.389999,21.485001,21.235001,21.350000,17.682692,3667200
2004-11-08,21.424999,21.450001,21.129999,21.139999,17.508755,2989400
2004-11-09,21.240000,21.424999,21.170000,21.230000,17.583311,4284400
2004-11-10,21.209999,21.420000,21.035000,21.365000,17.695116,3235600
2004-11-11,21.500000,22.135000,21.500000,22.059999,18.270729,5149000
2004-11-12,22.059999,22.370001,21.799999,22.305000,18.473646,3250000
2004-11-15,22.285000,22.420000,22.174999,22.250000,18.428093,4328200
2004-11-16,22.325001,22.445000,22.250000,22.309999,18.477793,5400200
2004-11-17,22.434999,22.799999,22.385000,22.520000,18.651712,4407800
2004-11-18,22.719999,22.799999,22.594999,22.615000,18.730398,2915200
2004-11-19,22.684999,22.684999,22.205000,22.400000,18.552338,2141200
2004-11-22,22.299999,22.485001,22.295000,22.405001,18.556469,3265000
2004-11-23,22.490000,22.615000,22.379999,22.500000,18.635149,2298400
2004-11-24,22.525000,22.735001,22.400000,22.700001,18.800806,1806200
2004-11-26,22.615000,22.920000,22.615000,22.805000,18.887762,559400
2004-11-29,23.000000,23.325001,22.745001,22.969999,19.024416,2088800
2004-11-30,23.000000,23.165001,22.915001,23.010000,19.057549,3762600
2004-12-01,23.010000,23.205000,22.875000,23.200001,19.214918,2643000
2004-12-02,23.205000,23.575001,23.205000,23.325001,19.318441,2230400
2004-12-03,23.325001,23.580000,23.209999,23.580000,19.529633,1557400
2004-12-06,24.000000,24.250000,23.639999,23.975000,19.856785,5233000
2004-12-07,24.075001,24.205000,24.004999,24.100000,19.960320,5418200
2004-12-08,24.049999,24.100000,23.950001,24.045000,19.914770,3634000
2004-12-09,23.980000,25.030001,23.834999,24.950001,20.664314,5585200
2004-12-10,24.990000,25.215000,24.855000,24.924999,20.643606,6785200
2004-12-13,25.000000,25.770000,24.930000,25.500000,21.119839,9139000
2004-12-14,25.600000,25.615000,25.325001,25.424999,21.057724,5271000
2004-12-15,25.490000,25.650000,25.424999,25.600000,21.202665,5597600
2004-12-16,26.100000,26.150000,25.200001,25.504999,21.123987,5724400
2004-12-17,25.440001,25.780001,25.105000,25.719999,21.302053,6496000
2004-12-20,25.650000,26.465000,25.575001,26.245001,21.736872,7133000
2004-12-21,26.000000,26.905001,25.950001,26.750000,22.155121,6562400
2004-12-22,27.000000,27.629999,26.910000,27.049999,22.403593,8634000
2004-12-23,27.084999,27.495001,27.065001,27.370001,22.668633,3175600
2004-12-27,27.450001,27.680000,27.340000,27.594999,22.854980,3421200
2004-12-28,27.600000,28.070000,27.500000,28.059999,23.240103,3021400
2004-12-29,27.850000,28.059999,27.705000,28.035000,23.219406,1426400
2004-12-30,28.000000,28.219999,27.955000,28.100000,23.273237,1902000
2004-12-31,27.950001,28.000000,27.629999,27.775000,23.004066,2380400
2005-01-03,27.754999,27.940001,27.275000,27.375000,22.672770,4950400
2005-01-04,27.270000,27.405001,26.160000,26.254999,21.745155,6927000
2005-01-05,25.000000,25.969999,25.000000,25.500000,21.188433,10680800
2005-01-06,25.450001,26.775000,25.430000,26.650000,22.143991,10925000
2005-01-07,26.725000,26.805000,26.270000,26.660000,22.152304,3701000
2005-01-10,26.815001,27.350000,26.815001,27.235001,22.630085,5986400
2005-01-11,26.875000,27.475000,26.875000,27.235001,22.630085,5441200
2005-01-12,27.135000,27.545000,27.065001,27.535000,22.879364,3906400
2005-01-13,27.434999,27.615000,27.320000,27.400000,22.767183,4296400
2005-01-14,27.400000,27.745001,27.150000,27.700001,23.016462,3496800
2005-01-18,27.549999,28.945000,27.510000,28.825001,23.951242,7379600
2005-01-19,28.975000,29.645000,28.855000,29.205000,24.266993,10466200
2005-01-20,29.059999,29.495001,28.955000,29.200001,24.262836,3775800
2005-01-21,29.200001,29.370001,28.795000,28.860001,23.980326,4144800
2005-01-24,29.000000,29.084999,26.715000,27.049999,22.476362,14570800
2005-01-25,27.020000,27.020000,25.209999,25.500000,21.188433,22878400
2005-01-26,25.950001,25.950001,25.430000,25.660000,21.321383,9509200
2005-01-27,25.924999,25.980000,25.625000,25.709999,21.362928,7633000
2005-01-28,25.709999,26.120001,25.690001,26.100000,21.686989,5351400
2005-01-31,26.400000,27.145000,26.375000,27.065001,22.488829,6304600
2005-02-01,27.350000,27.445000,27.075001,27.305000,22.688248,3848600
2005-02-02,27.475000,27.770000,27.469999,27.674999,22.995684,3164400
2005-02-03,27.625000,27.905001,27.540001,27.825001,23.120329,3203800
2005-02-04,27.940001,28.740000,27.934999,28.705000,23.851532,5208600
2005-02-07,28.705000,29.010000,28.235001,28.440001,23.631336,3497000
2005-02-08,28.350000,28.350000,27.635000,27.844999,23.136944,5026800
2005-02-09,27.885000,27.995001,27.530001,27.650000,22.974913,2595000
2005-02-10,27.775000,28.105000,27.559999,27.975000,23.244967,3121400
2005-02-11,27.980000,28.520000,27.879999,28.445000,23.635492,3492400
2005-02-14,28.549999,28.889999,28.424999,28.764999,23.901392,3219600
2005-02-15,28.865000,28.934999,28.295000,28.420000,23.614727,2980600
2005-02-16,28.290001,28.445000,28.135000,28.240000,23.465157,2893600
2005-02-17,28.355000,28.385000,27.950001,27.950001,23.224188,3866800
2005-02-18,28.035000,28.100000,27.840000,27.885000,23.170185,3756000
2005-02-22,27.885000,28.299999,27.844999,27.995001,23.261576,2795400
2005-02-23,27.975000,28.504999,27.924999,28.375000,23.577332,3136800
2005-02-24,28.424999,28.805000,28.400000,28.799999,23.930473,4141000
2005-02-25,28.924999,29.820000,28.924999,29.580000,24.578590,5807800
2005-02-28,29.725000,29.745001,29.305000,29.389999,24.420710,3359000
2005-03-01,29.379999,29.730000,28.900000,28.900000,24.013565,3606000
2005-03-02,29.010000,29.389999,28.969999,29.240000,24.296064,3822800
2005-03-03,29.500000,29.799999,29.094999,29.510000,24.520424,6437000
2005-03-04,29.985001,32.154999,29.915001,30.815001,25.604773,11441200
2005-03-07,31.000000,31.485001,30.985001,31.084999,25.829123,3175400
2005-03-08,31.004999,31.145000,30.540001,30.615000,25.438591,2197400
2005-03-09,30.615000,31.250000,30.584999,30.750000,25.550766,3994000
2005-03-10,30.975000,30.985001,29.870001,30.190001,25.085449,3222000
2005-03-11,30.090000,30.889999,30.014999,30.445000,25.297335,1952000
2005-03-14,30.405001,30.770000,30.045000,30.424999,25.280710,1660400
2005-03-15,30.049999,30.180000,29.719999,29.719999,24.694918,2373800
2005-03-16,29.719999,29.885000,29.375000,29.510000,24.520424,2082800
2005-03-17,29.480000,30.590000,29.325001,30.455000,25.305639,2901400
2005-03-18,30.455000,30.459999,29.850000,30.190001,25.085449,3131800
2005-03-21,30.209999,30.365000,29.760000,29.825001,24.782166,1702000
2005-03-22,29.875000,30.469999,29.620001,29.745001,24.715687,2633000
2005-03-23,29.745001,30.075001,29.370001,29.660000,24.645061,1869000
2005-03-24,29.790001,29.910000,29.535000,29.605000,24.599361,1526200
2005-03-28,29.730000,30.190001,29.605000,30.049999,24.969120,2239800
2005-03-29,30.799999,31.965000,30.330000,30.469999,25.318104,8283000
2005-03-30,30.719999,31.895000,30.700001,31.799999,26.423235,4846800
2005-03-31,31.900000,32.509998,31.780001,32.250000,26.797138,5082600
2005-04-01,32.250000,32.799999,32.125000,32.330002,26.863615,4105800
2005-04-04,32.299999,32.299999,29.750000,30.865000,25.646311,10702600
2005-04-05,30.950001,31.184999,30.410000,30.575001,25.405350,4985800
2005-04-06,31.625000,31.924999,30.600000,30.875000,25.726141,4815800
2005-04-07,31.110001,31.235001,30.754999,31.184999,25.984446,2995200
2005-04-08,31.275000,31.340000,30.680000,30.725000,25.601162,1987600
2005-04-11,30.825001,31.344999,30.770000,31.285000,26.067780,3331200
2005-04-12,31.285000,31.785000,30.740000,31.705000,26.417730,3198200
2005-04-13,31.605000,31.885000,30.514999,30.639999,25.530327,2893800
2005-04-14,30.850000,30.985001,28.655001,29.055000,24.209658,7166400
2005-04-15,28.635000,28.950001,27.754999,28.139999,23.447252,6574200
2005-04-18,28.750000,29.240000,28.150000,29.215000,24.342976,6436200
2005-04-19,29.280001,29.799999,29.280001,29.750000,24.788757,4003200
2005-04-20,29.805000,29.965000,28.910000,29.090000,24.238819,4040400
2005-04-21,29.240000,29.680000,28.875000,29.665001,24.717934,2761800
2005-04-22,29.590000,29.625000,28.875000,29.290001,24.405466,2204600
2005-04-25,29.250000,29.735001,29.174999,29.565001,24.634609,3553600
2005-04-26,29.500000,29.809999,29.325001,29.415001,24.509624,3517000
2005-04-27,29.215000,29.400000,28.344999,29.290001,24.405466,5457200
2005-04-28,29.230000,29.395000,28.834999,28.959999,24.130501,3651400
2005-04-29,29.045000,29.309999,28.530001,29.309999,24.422132,4082400
2005-05-02,29.434999,29.825001,29.290001,29.695000,24.742928,2865600
2005-05-03,29.695000,29.924999,29.385000,29.500000,24.580450,3075200
2005-05-04,29.424999,29.799999,29.344999,29.740000,24.780424,2979200
2005-05-05,29.780001,29.844999,29.330000,29.695000,24.742928,1868000
2005-05-06,29.764999,30.385000,29.700001,30.320000,25.263700,3945400
2005-05-09,30.375000,30.705000,29.725000,30.690001,25.572002,3123800
2005-05-10,30.695000,31.059999,30.365000,30.959999,25.796972,3494200
2005-05-11,30.950001,31.084999,30.695000,30.920000,25.763645,2841400
2005-05-12,30.870001,31.105000,30.184999,30.480000,25.397018,4420000
2005-05-13,30.495001,30.600000,29.719999,29.980000,24.980398,5308200
2005-05-16,29.934999,30.025000,28.629999,28.905001,24.084671,6667600
2005-05-17,28.559999,28.959999,28.285000,28.900000,24.080505,5680000
2005-05-18,29.150000,29.775000,29.145000,29.549999,24.622112,3879600
2005-05-19,29.549999,29.590000,28.900000,29.100000,24.247158,2301800
2005-05-20,28.975000,29.115000,28.725000,29.000000,24.163828,3172800
2005-05-23,29.000000,29.094999,28.815001,29.000000,24.163828,3985200
2005-05-24,28.975000,29.115000,28.795000,28.920000,24.097168,2665600
2005-05-25,28.725000,28.910000,28.010000,28.225000,23.518072,4425200
2005-05-26,28.400000,29.014999,28.334999,28.990000,24.155500,3555200
2005-05-27,29.170000,29.245001,28.889999,29.160000,24.297150,1728600
2005-05-31,29.155001,29.490000,28.500000,28.500000,23.747213,4907400
2005-06-01,28.670000,29.495001,28.655001,29.115000,24.259649,3101800
2005-06-02,29.100000,29.650000,29.000000,29.605000,24.667934,2422400
2005-06-03,29.565001,29.924999,29.395000,29.459999,24.547113,1937800
2005-06-06,29.559999,29.575001,29.129999,29.400000,24.497118,1384800
2005-06-07,30.375000,31.674999,30.350000,30.815001,25.676149,6891400
2005-06-08,30.940001,31.170000,30.725000,30.930000,25.771971,3025800
2005-06-09,30.995001,31.605000,30.855000,31.565001,26.301071,3403000
2005-06-10,31.680000,31.995001,31.395000,31.879999,26.563551,3560400
2005-06-13,31.709999,32.580002,31.584999,32.500000,27.080156,4637400
2005-06-14,32.525002,32.580002,32.345001,32.450001,27.038498,4468400
2005-06-15,32.540001,33.119999,32.465000,33.115002,27.592594,4751800
2005-06-16,33.075001,33.230000,32.750000,33.075001,27.559271,4120200
2005-06-17,33.365002,34.115002,33.240002,33.799999,28.163363,6377000
2005-06-20,33.645000,33.680000,32.465000,32.555000,27.125982,4014800
2005-06-21,32.634998,33.259998,32.555000,33.250000,27.705067,3393600
2005-06-22,33.375000,34.029999,33.205002,33.919998,28.263346,3883800
2005-06-23,34.020000,34.080002,33.264999,33.264999,27.717573,5286400
2005-06-24,33.165001,33.395000,32.875000,33.070000,27.555101,3337600
2005-06-27,33.134998,33.205002,32.380001,32.980000,27.480104,2717400
2005-06-28,33.115002,34.400002,33.095001,33.919998,28.263346,4325800
2005-06-29,32.005001,32.154999,30.700001,31.500000,26.246922,17304400
2005-06-30,31.500000,31.745001,31.200001,31.434999,26.192749,5087000
2005-07-01,31.385000,31.434999,30.900000,31.190001,25.988613,2690600
2005-07-05,31.094999,31.094999,30.315001,30.540001,25.447014,5594400
2005-07-06,30.540001,30.684999,30.400000,30.514999,25.497143,2923800
2005-07-07,30.080000,30.605000,29.975000,30.600000,25.568167,3985200
2005-07-08,30.625000,31.504999,30.535000,31.424999,26.257507,3454400
2005-07-11,31.000000,31.715000,30.990000,31.690001,26.478930,3034800
2005-07-12,31.680000,32.174999,31.575001,32.075001,26.800621,2515800
2005-07-13,31.950001,32.029999,31.665001,31.834999,26.600090,2779200
2005-07-14,31.850000,32.224998,31.615000,31.635000,26.432976,2772000
2005-07-15,31.670000,31.875000,31.000000,31.600000,26.403727,2733800
2005-07-18,31.559999,31.934999,31.530001,31.674999,26.466393,1800200
2005-07-19,31.825001,32.555000,31.825001,32.555000,27.201696,3513000
2005-07-20,32.384998,33.709999,32.360001,33.400002,27.907747,3654200
2005-07-21,33.400002,33.404999,33.049999,33.095001,27.652893,2158200
2005-07-22,33.029999,33.334999,32.900002,33.320000,27.840902,1914200
2005-07-25,33.250000,33.465000,32.375000,32.375000,27.051281,3423200
2005-07-26,32.360001,32.360001,31.754999,31.805000,26.575020,4390600
2005-07-27,31.910000,32.514999,31.825001,32.459999,27.122313,2860000
2005-07-28,32.459999,33.575001,32.459999,33.465000,27.962049,2766400
2005-07-29,34.375000,34.615002,33.685001,33.685001,28.145884,5344800
2005-08-01,33.685001,33.685001,32.895000,32.895000,27.485785,3655400
2005-08-02,33.044998,33.064999,32.529999,32.674999,27.301958,5163600
2005-08-03,32.625000,33.564999,32.625000,33.439999,27.941151,3871400
2005-08-04,33.825001,34.455002,33.134998,33.270000,27.799122,4980600
2005-08-05,33.750000,34.450001,33.525002,33.645000,28.112446,4187200
2005-08-08,33.750000,34.064999,33.150002,33.205002,27.744810,2613200
2005-08-09,33.299999,33.400002,32.849998,32.994999,27.569340,3921200
2005-08-10,33.334999,33.445000,32.525002,32.564999,27.210045,4314600
2005-08-11,32.645000,32.860001,32.494999,32.590000,27.230932,3641800
2005-08-12,32.590000,32.830002,32.355000,32.455002,27.118139,2199000
2005-08-15,32.494999,32.840000,31.950001,32.400002,27.072178,4669800
2005-08-16,32.349998,32.455002,31.775000,31.860001,26.620975,2987200
2005-08-17,31.924999,32.215000,31.730000,31.995001,26.733778,2199200
2005-08-18,31.934999,32.025002,31.764999,31.945000,26.691996,2706800
2005-08-19,32.244999,32.645000,32.125000,32.485001,27.143202,2947200
2005-08-22,32.514999,32.945000,32.314999,32.395000,27.068001,2320800
2005-08-23,32.470001,32.525002,31.580000,31.705000,26.491468,3131400
2005-08-24,31.535000,31.565001,30.950001,31.225000,26.090399,3010000
2005-08-25,31.500000,31.775000,31.450001,31.570000,26.378664,2793600
2005-08-26,31.645000,32.165001,31.645000,31.959999,26.704533,2563400
2005-08-29,31.700001,31.920000,31.600000,31.850000,26.612619,2191800
2005-08-30,31.820000,31.820000,31.155001,31.410000,26.244976,2989400
2005-08-31,31.025000,31.920000,31.004999,31.920000,26.671110,3022800
2005-09-01,31.525000,32.000000,31.440001,31.610001,26.412086,2265000
2005-09-02,31.650000,31.885000,31.315001,31.500000,26.320173,1925000
2005-09-06,31.674999,32.060001,31.584999,32.060001,26.788090,3557400
2005-09-07,31.959999,33.139999,31.930000,33.105000,27.661245,3789600
2005-09-08,32.915001,33.060001,32.759998,32.970001,27.548456,2360000
2005-09-09,33.099998,33.099998,32.790001,32.990002,27.565159,1836800
2005-09-12,32.994999,33.105000,32.505001,32.555000,27.201696,2075800
2005-09-13,32.430000,32.610001,32.105000,32.105000,26.825689,2113400
2005-09-14,32.255001,32.349998,31.855000,32.020000,26.754667,1993400
2005-09-15,32.080002,32.200001,31.639999,31.815001,26.583374,2284400
2005-09-16,31.990000,32.154999,31.615000,31.764999,26.541597,3281800
2005-09-19,31.764999,31.775000,31.049999,31.205000,26.073675,3614800
2005-09-20,31.275000,31.670000,30.540001,30.605000,25.572346,5178000
2005-09-21,30.535000,30.535000,29.465000,29.900000,24.983286,6544200
2005-09-22,29.780001,29.900000,29.570000,29.695000,24.811989,5076600
2005-09-23,29.650000,30.035000,29.260000,29.995001,25.062653,3231400
2005-09-26,30.000000,30.059999,27.799999,28.540001,23.846914,14077600
2005-09-27,29.245001,30.225000,28.959999,30.035000,25.096079,8403600
2005-09-28,30.025000,30.135000,29.424999,29.825001,24.920614,3148800
2005-09-29,29.690001,30.730000,29.665001,30.690001,25.643368,4020400
2005-09-30,30.650000,31.610001,30.219999,31.375000,26.215731,6260200
2005-10-03,31.215000,31.240000,30.540001,31.120001,26.002661,4942600
2005-10-04,31.125000,31.165001,30.275000,30.320000,25.334213,4859800
2005-10-05,30.309999,30.450001,29.084999,29.120001,24.399950,6940600
2005-10-06,29.190001,29.535000,28.690001,29.145000,24.420889,5148400
2005-10-07,29.250000,29.545000,28.959999,29.184999,24.454407,3757200
2005-10-10,28.740000,28.834999,28.190001,28.450001,23.838549,4920600
2005-10-11,28.500000,28.805000,28.350000,28.445000,23.834351,5332400
2005-10-12,28.900000,29.094999,28.440001,28.639999,23.997740,6041600
2005-10-13,28.709999,30.770000,28.705000,30.500000,25.556255,8217800
2005-10-14,30.500000,30.549999,29.705000,30.010000,25.145683,4266000
2005-10-17,29.934999,29.934999,29.200001,29.665001,24.856606,5687200
2005-10-18,29.379999,29.450001,28.719999,28.855000,24.177893,4090200
2005-10-19,28.865000,29.955000,28.715000,29.825001,24.990665,5760800
2005-10-20,29.850000,30.049999,29.330000,29.500000,24.718353,3307400
2005-10-21,29.500000,29.740000,28.985001,29.565001,24.772818,4919600
2005-10-24,29.740000,30.094999,29.695000,30.040001,25.170820,3411600
2005-10-25,29.639999,29.940001,29.309999,29.594999,24.797951,2611800
2005-10-26,29.475000,29.924999,29.195000,29.205000,24.471165,3639600
2005-10-27,29.174999,29.389999,29.045000,29.094999,24.378992,3000200
2005-10-28,29.219999,30.280001,29.219999,30.275000,25.367725,3881000
2005-10-31,30.225000,31.584999,30.225000,31.504999,26.398357,6470200
2005-11-01,31.504999,31.995001,31.500000,31.780001,26.628786,3864400
2005-11-02,31.625000,32.310001,31.469999,32.290001,27.056114,1903000
2005-11-03,32.375000,32.500000,31.385000,31.600000,26.477961,6493600
2005-11-04,31.635000,31.875000,31.309999,31.719999,26.578508,1515600
2005-11-07,31.695000,32.169998,31.445000,32.090000,26.888538,2146000
2005-11-08,31.799999,31.860001,31.389999,31.559999,26.444445,2071400
2005-11-09,31.645000,32.005001,31.415001,32.005001,26.817314,2040200
2005-11-10,32.095001,33.150002,31.775000,33.130001,27.759960,4875000
2005-11-11,33.090000,34.974998,33.014999,34.910000,29.251432,7506000
2005-11-14,34.785000,36.095001,34.770000,35.950001,30.122864,8787800
2005-11-15,35.500000,36.904999,35.490002,36.415001,30.512501,7220000
2005-11-16,36.525002,36.555000,35.790001,36.000000,30.164753,5712000
2005-11-17,36.250000,37.279999,36.200001,36.820000,30.851849,4601200
2005-11-18,37.474998,37.474998,36.224998,36.735001,30.780622,4988800
2005-11-21,36.575001,36.689999,35.959999,36.650002,30.709404,3522600
2005-11-22,36.669998,37.185001,36.240002,36.950001,30.960779,2669400
2005-11-23,37.064999,37.099998,36.535000,36.650002,30.709404,3439600
2005-11-25,36.849998,37.075001,36.810001,36.900002,30.918884,1013400
2005-11-28,36.900002,36.950001,36.494999,36.619999,30.684259,2917600
2005-11-29,36.680000,37.099998,36.680000,36.849998,30.876982,2040000
2005-11-30,37.009998,37.075001,36.634998,36.634998,30.696836,3398800
2005-12-01,36.974998,37.185001,36.799999,37.154999,31.132551,3739200
2005-12-02,37.325001,37.735001,37.169998,37.674999,31.568262,3014000
2005-12-05,38.599998,39.924999,38.575001,39.035000,32.707825,7412400
2005-12-06,38.139999,38.955002,37.755001,38.695000,32.422943,4591400
2005-12-07,38.990002,39.084999,38.410000,38.785000,32.498341,3169000
2005-12-08,38.990002,39.435001,38.500000,38.590000,32.334957,3956000
2005-12-09,38.549999,38.924999,38.549999,38.630001,32.368477,1943200
2005-12-12,38.930000,38.930000,38.029999,38.525002,32.280479,2901800
2005-12-13,38.400002,38.480000,38.105000,38.395000,32.171547,2764800
2005-12-14,38.450001,38.450001,37.790001,37.814999,31.685568,2877600
2005-12-15,38.049999,38.529999,38.029999,38.505001,32.263721,3504200
2005-12-16,38.470001,38.674999,37.595001,37.805000,31.677198,3745600
2005-12-19,38.020000,38.235001,37.720001,37.785000,31.660429,2308200
2005-12-20,37.799999,38.384998,37.634998,37.685001,31.576643,2349400
2005-12-21,37.785000,38.410000,37.755001,38.150002,31.966278,1970800
2005-12-22,38.355000,39.160000,38.330002,38.930000,32.619839,2308400
2005-12-23,38.924999,39.224998,38.889999,39.040001,32.712006,1319200
2005-12-27,38.900002,39.575001,38.525002,38.625000,32.364281,1683600
2005-12-28,38.700001,38.715000,38.230000,38.580002,32.326572,1220800
2005-12-29,38.840000,39.174999,38.645000,38.700001,32.427135,2737000
2005-12-30,38.525002,38.910000,38.279999,38.764999,32.481583,1729200
2006-01-03,39.150002,40.115002,39.095001,40.009998,33.524788,4400600
2006-01-04,39.910000,40.474998,39.500000,40.035000,33.629784,6274000
2006-01-05,40.000000,40.305000,39.665001,40.005001,33.604588,3650200
2006-01-06,40.250000,40.950001,40.165001,40.775002,34.251396,2536200
2006-01-09,40.724998,40.924999,40.474998,40.744999,34.226192,3107800
2006-01-10,40.424999,40.439999,39.764999,40.150002,33.726383,3645000
2006-01-11,39.580002,40.080002,39.549999,39.750000,33.390381,2985000
2006-01-12,39.814999,40.375000,39.259998,39.305000,33.016586,3575000
2006-01-13,39.459999,39.799999,39.380001,39.650002,33.306385,2649000
2006-01-17,39.639999,40.174999,39.395000,40.174999,33.747383,2163400
2006-01-18,39.904999,40.000000,39.535000,39.619999,33.281185,1916400
2006-01-19,39.695000,40.500000,39.654999,40.355000,33.898594,2199400
2006-01-20,40.334999,40.400002,39.945000,40.000000,33.600388,2749000
2006-01-23,39.974998,40.619999,39.900002,40.330002,33.877594,1577200
2006-01-24,40.455002,41.125000,40.349998,40.660000,34.154800,2249600
2006-01-25,40.764999,40.764999,40.000000,40.200001,33.768379,2026800
2006-01-26,40.625000,40.785000,40.230000,40.349998,33.894398,2080800
2006-01-27,40.375000,41.450001,40.375000,41.270000,34.667210,3109600
2006-01-30,41.549999,42.955002,41.549999,42.730000,35.893608,5054200
2006-01-31,42.549999,42.945000,42.215000,42.305000,35.536602,3709800
2006-02-01,42.500000,42.810001,42.290001,42.759998,35.918812,3092600
2006-02-02,42.770000,42.855000,41.904999,42.205002,35.452614,2334800
2006-02-03,42.014999,42.494999,41.720001,41.994999,35.276196,2548800
2006-02-06,41.875000,41.935001,41.384998,41.705002,35.032604,2571800
2006-02-07,41.505001,41.619999,40.014999,40.355000,33.898594,3487200
2006-02-08,40.355000,40.660000,39.740002,40.650002,34.146389,2570000
2006-02-09,40.785000,41.750000,40.685001,40.775002,34.251396,2239800
2006-02-10,40.900002,41.160000,40.535000,41.070000,34.499195,1564400
2006-02-13,40.825001,40.865002,40.200001,40.424999,33.957394,1647600
2006-02-14,40.125000,41.535000,40.095001,41.259998,34.658791,4177000
2006-02-15,41.095001,41.299999,40.575001,40.974998,34.419407,2299800
2006-02-16,41.099998,41.619999,40.845001,41.619999,34.961205,2348600
2006-02-17,41.500000,42.020000,40.930000,41.735001,35.057793,2270000
2006-02-21,41.775002,41.919998,41.174999,41.349998,34.734406,2375800
2006-02-22,41.525002,42.994999,41.525002,42.365002,35.587006,2554200
2006-02-23,42.400002,43.974998,42.345001,42.965000,36.091011,3866200
2006-02-24,42.875000,42.904999,41.945000,42.320000,35.549217,2340800
2006-02-27,42.500000,42.950001,42.044998,42.595001,35.780205,2264600
2006-02-28,42.549999,42.955002,41.875000,41.939999,35.230000,2626800
2006-03-01,42.000000,42.630001,41.599998,42.509998,35.708801,3100800
2006-03-02,42.470001,42.880001,42.139999,42.740002,35.902016,2705400
2006-03-03,42.674999,43.709999,42.619999,43.654999,36.670616,3482600
2006-03-06,43.505001,44.180000,43.474998,43.985001,36.947838,4602800
2006-03-07,43.849998,43.945000,42.744999,43.049999,36.162403,3887000
2006-03-08,42.750000,42.750000,40.320000,41.334999,34.721798,8816000
2006-03-09,41.334999,41.955002,40.990002,41.270000,34.667210,2914200
2006-03-10,41.250000,42.095001,41.235001,41.959999,35.246811,2412000
2006-03-13,42.259998,42.525002,41.849998,41.994999,35.276196,2027200
2006-03-14,41.985001,42.660000,41.955002,42.660000,35.834805,1865400
2006-03-15,42.044998,42.395000,41.540001,42.110001,35.372826,3119400
2006-03-16,42.235001,43.840000,42.160000,42.855000,35.998627,3730600
2006-03-17,43.070000,43.070000,42.134998,42.500000,35.700417,3626400
2006-03-20,42.275002,42.540001,41.904999,42.285000,35.519810,1984400
2006-03-21,42.014999,42.040001,40.840000,41.115002,34.537003,4386400
2006-03-22,40.805000,41.169998,40.160000,41.130001,34.549599,2993400
2006-03-23,41.009998,41.200001,40.380001,40.759998,34.238792,4011400
2006-03-24,40.560001,40.889999,40.215000,40.355000,33.898594,2498000
2006-03-27,39.974998,40.494999,39.785000,40.279999,33.835579,2299600
2006-03-28,40.799999,42.880001,40.724998,41.724998,35.049416,5892400
2006-03-29,42.025002,42.470001,41.564999,42.325001,35.553413,2718200
2006-03-30,42.040001,42.990002,41.924999,42.220001,35.465210,3646800
2006-03-31,41.875000,42.630001,41.720001,42.375000,35.595402,3701400
2006-04-03,42.724998,43.680000,42.715000,43.325001,36.393417,5843800
2006-04-04,43.000000,43.099998,42.430000,43.040001,36.154007,4146200
2006-04-05,43.500000,43.625000,41.685001,42.705002,35.956165,7501000
2006-04-06,43.355000,43.384998,42.785000,43.000000,36.204525,4504400
2006-04-07,43.165001,43.435001,42.950001,43.119999,36.305569,3312000
2006-04-10,43.275002,43.345001,42.645000,42.810001,36.044559,2178200
2006-04-11,42.849998,42.869999,41.064999,41.259998,34.739498,5181200
2006-04-12,41.639999,41.689999,41.174999,41.310001,34.781624,2396400
2006-04-13,41.410000,41.669998,41.099998,41.665001,35.080509,2305800
2006-04-17,41.660000,42.064999,41.185001,41.270000,34.747929,2528600
2006-04-18,41.950001,43.275002,41.669998,42.950001,36.162426,5225600
2006-04-19,43.150002,43.459999,42.395000,43.220001,36.389774,3477000
2006-04-20,43.215000,43.849998,42.724998,42.955002,36.166649,2731800
2006-04-21,43.470001,44.880001,43.395000,44.244999,37.252773,4452800
2006-04-24,44.275002,44.275002,43.130001,43.580002,36.692879,2715200
2006-04-25,43.930000,43.950001,43.230000,43.259998,36.423439,3005400
2006-04-26,43.375000,43.535000,42.480000,42.650002,35.909843,2380000
2006-04-27,41.910000,43.154999,41.625000,42.325001,35.636204,2926400
2006-04-28,43.750000,43.750000,41.610001,41.700001,35.109974,3002600
2006-05-01,41.950001,42.415001,41.314999,41.410000,34.865799,4080800
2006-05-02,41.875000,43.320000,41.845001,43.044998,36.242416,4403000
2006-05-03,43.299999,44.139999,43.180000,43.490002,36.617104,4594600
2006-05-04,43.825001,44.334999,43.455002,43.674999,36.772854,4670800
2006-05-05,43.785000,44.360001,43.494999,44.240002,37.248577,3026600
2006-05-08,44.240002,44.500000,44.025002,44.119999,37.147530,4307800
2006-05-09,44.134998,44.455002,43.340000,44.299999,37.299080,5110800
2006-05-10,44.474998,44.590000,43.814999,44.080002,37.113853,2931800
2006-05-11,44.154999,44.200001,42.645000,42.814999,36.048775,4555000
2006-05-12,42.075001,42.330002,41.365002,41.639999,35.059460,5200000
2006-05-15,41.570000,42.049999,40.744999,41.935001,35.307846,6022000
2006-05-16,42.000000,42.880001,41.970001,42.755001,35.998260,3968400
2006-05-17,42.125000,42.605000,41.505001,41.625000,35.046841,5092600
2006-05-18,41.750000,42.235001,41.584999,41.625000,35.046841,2968400
2006-05-19,41.834999,41.970001,41.244999,41.630001,35.051048,4887200
2006-05-22,41.450001,41.450001,39.625000,40.320000,33.948071,7236200
2006-05-23,40.820000,41.564999,40.775002,40.849998,34.394302,3840000
2006-05-24,40.500000,41.064999,40.154999,40.764999,34.322742,5622000
2006-05-25,41.049999,41.605000,40.830002,41.575001,35.004742,4739600
2006-05-26,42.025002,42.134998,41.500000,41.945000,35.316277,2756400
2006-05-30,41.825001,41.825001,40.825001,41.090000,34.596378,3212400
2006-05-31,41.090000,43.134998,41.060001,42.080002,35.429932,8485400
2006-06-01,42.040001,42.384998,41.439999,42.384998,35.686722,3530000
2006-06-02,42.259998,42.619999,41.814999,42.450001,35.741455,2902000
2006-06-05,42.285000,42.455002,41.080002,41.134998,34.634274,3709800
2006-06-06,41.349998,41.730000,40.779999,41.674999,35.088921,4705200
2006-06-07,41.674999,41.735001,40.404999,40.439999,34.049103,4394000
2006-06-08,40.189999,40.320000,38.200001,40.105000,33.767056,8067000
2006-06-09,40.055000,40.615002,39.014999,39.400002,33.173450,4116600
2006-06-12,39.490002,39.845001,38.529999,38.584999,32.487251,2897600
2006-06-13,38.584999,39.255001,38.209999,38.330002,32.272552,4867600
2006-06-14,38.185001,39.180000,38.185001,38.490002,32.407280,4306000
2006-06-15,38.689999,39.615002,38.445000,39.365002,33.143990,4645200
2006-06-16,39.365002,39.485001,38.834999,38.955002,32.798786,3606000
2006-06-19,39.145000,39.250000,37.904999,38.119999,32.095737,4555600
2006-06-20,38.294998,38.555000,37.994999,38.044998,32.032574,2989800
2006-06-21,38.075001,39.130001,38.075001,38.705002,32.588295,5126800
2006-06-22,38.744999,38.895000,38.064999,38.380001,32.314648,3147800
2006-06-23,38.299999,39.115002,38.299999,38.730000,32.609337,2042400
2006-06-26,38.410000,38.625000,38.025002,38.439999,32.365162,3428600
2006-06-27,38.775002,39.075001,38.500000,38.634998,32.529343,3134400
2006-06-28,39.049999,39.494999,38.115002,38.320000,32.264141,4215000
2006-06-29,38.974998,41.674999,38.700001,41.674999,35.088921,9006000
2006-06-30,41.994999,42.465000,41.660000,42.095001,35.442558,4551200
2006-07-03,42.115002,42.715000,41.965000,42.650002,35.909843,1729000
2006-07-05,42.270000,42.494999,41.830002,42.200001,35.614456,3812400
2006-07-06,42.450001,43.294998,42.400002,43.130001,36.399326,3846200
2006-07-07,42.630001,43.025002,41.849998,42.220001,35.631329,3793000
2006-07-10,42.285000,42.555000,41.855000,42.264999,35.669323,2086800
2006-07-11,42.424999,42.470001,41.555000,42.000000,35.445671,5353400
2006-07-12,42.099998,42.599998,41.855000,42.459999,35.833889,3562400
2006-07-13,42.349998,42.360001,41.584999,41.700001,35.192497,3197000
2006-07-14,41.750000,41.889999,41.189999,41.654999,35.154510,2881400
2006-07-17,41.650002,41.974998,41.279999,41.450001,34.981506,2268200
2006-07-18,41.625000,42.395000,41.500000,42.279999,35.681961,4063600
2006-07-19,42.474998,43.855000,42.290001,43.490002,36.703156,4085800
2006-07-20,43.025002,43.070000,42.119999,42.174999,35.593376,4952200
2006-07-21,42.250000,42.250000,40.924999,41.014999,34.614391,3954200
2006-07-24,41.000000,42.185001,40.970001,42.049999,35.487881,3549600
2006-07-25,42.125000,43.674999,41.875000,43.365002,36.597649,4866200
2006-07-26,43.125000,43.320000,42.560001,42.654999,35.998463,3011400
2006-07-27,42.529999,42.860001,42.000000,42.750000,36.078640,3727800
2006-07-28,43.000000,43.570000,42.669998,43.520000,36.728466,3480000
2006-07-31,43.279999,43.650002,42.770000,42.990002,36.281178,2728800
2006-08-01,42.900002,43.299999,42.099998,43.150002,36.416222,3773200
2006-08-02,43.680000,45.049999,43.599998,44.189999,37.293907,5266800
2006-08-03,44.000000,45.820000,43.840000,45.480000,38.382587,5184000
2006-08-04,45.840000,46.320000,45.119999,45.430000,38.340405,5439200
2006-08-07,45.150002,45.910000,45.150002,45.599998,38.483868,3185700
2006-08-08,45.849998,46.000000,44.849998,45.060001,38.028152,2745600
2006-08-09,45.320000,45.869999,44.930000,45.029999,38.002827,2466200
2006-08-10,45.029999,45.810001,44.669998,45.400002,38.315090,2274800
2006-08-11,45.130001,45.610001,44.810001,45.009998,37.985950,1350200
2006-08-14,45.310001,45.669998,44.930000,45.169998,38.120979,1452200
2006-08-15,45.169998,45.799999,44.950001,45.560001,38.450115,1452600
2006-08-16,45.720001,46.669998,45.700001,46.639999,39.361572,2755000
2006-08-17,46.889999,47.509998,46.590000,47.220001,39.851078,4323700
2006-08-18,47.250000,47.400002,46.130001,47.060001,39.716045,2216800
2006-08-21,46.750000,47.340000,46.509998,47.090000,39.741352,1678500
2006-08-22,47.139999,47.169998,46.490002,47.099998,39.749790,3497600
2006-08-23,46.910000,47.340000,46.520000,47.220001,39.851078,2528700
2006-08-24,47.500000,47.580002,46.580002,46.580002,39.310951,2244700
2006-08-25,46.520000,47.230000,46.360001,46.980000,39.648518,1253500
2006-08-28,46.959999,47.400002,46.790001,46.889999,39.572563,1673800
2006-08-29,46.730000,46.950001,46.000000,46.889999,39.572563,2702300
2006-08-30,46.799999,47.500000,46.459999,47.049999,39.707584,1860100
2006-08-31,47.009998,47.570000,46.750000,47.439999,40.036743,2036000
2006-09-01,47.450001,48.450001,47.209999,48.240002,40.711887,2867200
2006-09-05,48.400002,48.419998,47.520000,47.630001,40.197083,2161500
2006-09-06,47.709999,48.209999,47.599998,47.770000,40.315247,2348800
2006-09-07,47.650002,47.700001,46.650002,46.889999,39.572563,2342600
2006-09-08,47.110001,47.160000,46.520000,46.930000,39.606323,1345500
2006-09-11,46.860001,47.000000,45.459999,45.709999,38.576714,3092500
2006-09-12,45.299999,45.900002,45.299999,45.779999,38.635788,3070500
2006-09-13,45.330002,45.570000,44.830002,45.090000,38.053467,3636200
2006-09-14,44.520000,45.130001,44.029999,44.700001,37.724327,3651200
2006-09-15,44.599998,44.669998,43.869999,44.240002,37.336109,3983600
2006-09-18,44.580002,46.869999,44.310001,46.500000,39.243431,3566000
2006-09-19,46.889999,47.220001,46.040001,46.490002,39.234985,2196700
2006-09-20,46.650002,47.400002,46.450001,46.910000,39.589436,1849400
2006-09-21,46.900002,47.490002,46.599998,46.840000,39.530373,3275400
2006-09-22,47.029999,47.099998,46.400002,46.959999,39.631638,1354500
2006-09-25,46.939999,46.939999,46.049999,46.759998,39.462845,2370500
2006-09-26,46.910000,47.759998,46.750000,47.590000,40.163326,2077800
2006-09-27,47.430000,47.950001,47.119999,47.250000,39.876385,1939700
2006-09-28,47.400002,47.840000,46.970001,47.750000,40.298355,1493000
2006-09-29,47.669998,47.709999,46.970001,47.009998,39.673840,1508600
2006-10-02,46.810001,47.119999,46.360001,46.849998,39.538803,2319500
2006-10-03,46.900002,48.090000,46.480000,47.750000,40.298355,2819200
2006-10-04,47.810001,48.000000,46.889999,46.959999,39.714817,4328800
2006-10-05,47.110001,47.400002,46.849998,47.279999,39.985447,2770000
2006-10-06,47.290001,47.439999,46.799999,47.189999,39.909325,2469700
2006-10-09,47.500000,47.759998,47.369999,47.430000,40.112305,3124800
2006-10-10,47.230000,47.240002,44.700001,46.410000,39.249680,9940200
2006-10-11,43.500000,44.650002,43.090000,43.950001,37.169209,14836400
2006-10-12,44.480000,44.939999,44.290001,44.910000,37.981094,21437800
2006-10-13,44.910000,46.130001,44.590000,45.900002,38.818356,6240000
2006-10-16,45.709999,46.099998,44.959999,44.959999,38.023392,5822800
2006-10-17,44.250000,44.959999,44.070000,44.139999,37.329903,4712200
2006-10-18,44.389999,45.070000,44.160000,44.759998,37.854248,3584600
2006-10-19,44.599998,45.290001,44.360001,45.160000,38.192520,2161800
2006-10-20,45.099998,45.099998,44.299999,44.730000,37.828869,2590600
2006-10-23,44.020000,44.549999,43.650002,43.709999,36.966255,3644000
2006-10-24,43.549999,43.549999,42.759998,42.990002,36.357323,7112500
2006-10-25,43.000000,44.230000,42.750000,43.380001,36.687153,5208100
2006-10-26,43.340000,44.169998,43.000000,44.060001,37.262241,4117700
2006-10-27,44.029999,44.830002,44.000000,44.279999,37.448299,3647100
2006-10-30,44.279999,44.779999,43.540001,44.439999,37.583607,3139300
2006-10-31,44.000000,44.450001,43.860001,44.220001,37.397552,2486100
2006-11-01,44.049999,44.650002,43.549999,44.090000,37.287605,3344900
2006-11-02,43.930000,44.599998,43.910000,44.169998,37.355267,4011800
2006-11-03,44.500000,44.950001,43.849998,44.150002,37.338352,1680100
2006-11-06,44.250000,44.560001,44.139999,44.340000,37.499046,2380300
2006-11-07,44.189999,44.990002,44.000000,44.820000,37.904972,2448100
2006-11-08,44.889999,45.119999,44.160000,45.049999,38.099495,3003300
2006-11-09,44.740002,46.520000,44.610001,45.680000,38.632294,5290500
2006-11-10,45.500000,45.759998,44.910000,45.529999,38.505440,2308600
2006-11-13,45.900002,46.910000,45.799999,46.860001,39.630257,3387700
2006-11-14,47.000000,47.500000,46.189999,46.830002,39.604881,3618900
2006-11-15,46.459999,47.119999,46.330002,46.880001,39.647175,2721900
2006-11-16,46.650002,47.970001,46.250000,47.389999,40.078472,3734800
2006-11-17,47.320000,47.330002,46.330002,46.799999,39.579510,3361100
2006-11-20,46.590000,46.630001,45.930000,46.270000,39.131283,4542200
2006-11-21,46.099998,47.270000,46.000000,47.270000,39.976994,4259900
2006-11-22,47.500000,49.439999,47.400002,49.330002,41.719154,4866800
2006-11-24,48.970001,49.189999,48.299999,48.700001,41.186352,1309300
2006-11-27,48.450001,48.619999,46.869999,47.009998,39.757103,3729200
2006-11-28,46.950001,48.000000,46.750000,47.189999,39.909325,2634400
2006-11-29,47.150002,47.500000,46.830002,47.320000,40.019287,2378700
2006-11-30,47.950001,48.930000,47.779999,48.070000,40.653553,3880300
2006-12-01,48.970001,48.980000,47.119999,47.720001,40.357567,3271200
2006-12-04,48.000000,48.770000,47.549999,48.570000,41.076412,2368400
2006-12-05,48.439999,48.639999,47.720001,48.230000,40.788868,2519400
2006-12-06,47.689999,48.020000,47.459999,48.020000,40.611279,2144500
2006-12-07,48.200001,48.520000,47.740002,48.509998,41.025681,2048600
2006-12-08,48.279999,48.470001,47.680000,48.080002,40.662014,2212700
2006-12-11,48.080002,48.200001,47.580002,47.799999,40.425224,2225700
2006-12-12,47.750000,48.410000,47.580002,48.099998,40.678925,2552100
2006-12-13,48.470001,48.930000,47.970001,48.150002,40.721230,1951700
2006-12-14,47.919998,48.820000,47.650002,48.529999,41.042587,2016200
2006-12-15,49.250000,51.180000,49.200001,50.939999,43.080757,7069700
2006-12-18,49.240002,51.320000,49.240002,50.470001,42.683281,3137100
2006-12-19,50.599998,51.330002,50.099998,51.180000,43.283733,2673400
2006-12-20,50.900002,52.279999,50.799999,51.900002,43.892651,3508900
2006-12-21,51.049999,52.279999,51.049999,51.650002,43.681213,2746800
2006-12-22,51.500000,51.660000,50.810001,51.369999,43.444420,1629700
2006-12-26,51.549999,52.369999,51.340000,52.160000,44.112545,1252400
2006-12-27,52.099998,53.070000,51.599998,52.910000,44.746826,3003800
2006-12-28,53.000000,53.490002,52.360001,53.080002,44.890610,2836600
2006-12-29,53.000000,53.099998,52.169998,52.529999,44.425446,1583500
2007-01-03,52.000000,53.430000,50.669998,51.680000,43.810852,4956700
2007-01-04,50.950001,51.209999,50.419998,50.790001,43.056366,4582800
2007-01-05,50.849998,51.369999,50.000000,51.220001,43.420887,3569100
2007-01-08,51.000000,51.000000,50.369999,50.549999,42.852905,3174800
2007-01-09,50.570000,50.869999,49.700001,50.200001,42.556202,3053500
2007-01-10,49.900002,50.040001,49.099998,49.849998,42.259483,3330800
2007-01-11,50.080002,50.599998,49.709999,50.000000,42.386654,3489000
2007-01-12,50.349998,51.840000,50.250000,51.150002,43.361546,4734400
2007-01-16,52.500000,54.770000,52.500000,53.680000,45.506321,7075500
2007-01-17,54.150002,54.279999,53.700001,54.220001,45.964088,3879000
2007-01-18,54.480000,54.500000,53.599998,54.009998,45.786076,2886400
2007-01-19,54.250000,54.459999,53.840000,54.310001,46.040375,2136200
2007-01-22,54.410000,54.500000,52.720001,53.310001,45.192657,2980500
2007-01-23,53.720001,55.099998,53.490002,54.980000,46.608372,3835800
2007-01-24,55.099998,56.070000,54.950001,56.040001,47.506966,4981000
2007-01-25,56.139999,56.240002,54.560001,54.840000,46.489693,4184500
2007-01-26,54.799999,55.810001,54.680000,55.639999,47.167870,3332000
2007-01-29,55.529999,55.730000,54.709999,55.180000,46.777916,3628100
2007-01-30,55.400002,55.740002,54.779999,55.009998,46.633789,1942500
2007-01-31,54.930000,55.480000,54.779999,55.090000,46.701611,2168800
2007-02-01,55.240002,55.740002,54.599998,54.840000,46.489693,3918300
2007-02-02,55.070000,56.000000,54.500000,55.549999,47.091568,2964800
2007-02-05,55.299999,55.389999,54.040001,54.299999,46.031906,2399400
2007-02-06,54.869999,54.950001,54.150002,54.610001,46.294701,2200600
2007-02-07,54.610001,55.000000,54.389999,54.619999,46.303173,2604600
2007-02-08,54.759998,55.000000,53.900002,54.220001,45.964088,2351700
2007-02-09,54.549999,55.000000,54.000000,54.220001,45.964088,1585700
2007-02-12,54.320000,54.750000,53.520000,53.759998,45.574120,1563700
2007-02-13,53.939999,54.750000,53.840000,54.450001,46.159077,2594500
2007-02-14,54.880001,56.009998,54.680000,55.750000,47.261105,4109800
2007-02-15,55.900002,56.410000,55.340000,55.610001,47.142445,2773900
2007-02-16,55.290001,55.650002,55.020000,55.650002,47.176350,1981900
2007-02-20,55.790001,55.869999,54.779999,55.830002,47.328953,1667500
2007-02-21,55.720001,56.459999,55.160000,56.270000,47.701939,1959300
2007-02-22,56.500000,57.080002,56.000000,56.480000,47.879967,2540600
2007-02-23,56.549999,56.599998,55.619999,55.740002,47.252636,1986600
2007-02-26,55.959999,56.090000,54.590000,54.790001,46.447296,2584900
2007-02-27,53.560001,54.000000,51.040001,52.450001,44.463600,4790700
2007-02-28,52.310001,53.209999,51.439999,52.709999,44.684010,4206200
2007-03-01,51.389999,53.090000,50.650002,52.369999,44.395786,3724400
2007-03-02,52.070000,52.189999,50.750000,50.919998,43.166569,3154000
2007-03-05,50.580002,51.840000,50.009998,50.799999,43.064842,2896400
2007-03-06,52.410000,52.840000,51.750000,52.660000,44.641628,3467900
2007-03-07,52.250000,53.840000,52.130001,52.990002,44.921379,3978800
2007-03-08,53.509998,54.450001,53.349998,54.009998,45.786076,2660600
2007-03-09,54.360001,54.730000,53.610001,54.029999,45.803020,1943500
2007-03-12,53.810001,54.820000,53.709999,54.660000,46.337082,1406600
2007-03-13,54.040001,54.529999,52.270000,52.480000,44.489037,2854800
2007-03-14,52.599998,53.119999,51.490002,52.910000,44.853550,2674900
2007-03-15,52.660000,53.299999,52.240002,52.770000,44.734875,2217000
2007-03-16,52.990002,53.099998,51.480000,51.549999,43.700638,4822700
2007-03-19,52.000000,53.340000,51.849998,53.220001,45.116356,2600100
2007-03-20,53.169998,53.639999,52.910000,53.259998,45.150272,2052600
2007-03-21,53.410000,55.000000,53.020000,55.000000,46.625317,2551600
2007-03-22,55.119999,55.349998,54.240002,54.509998,46.209930,1936200
2007-03-23,54.410000,54.910000,54.090000,54.830002,46.481209,1800800
2007-03-26,55.150002,55.630001,54.669998,55.610001,47.142445,4017800
2007-03-27,55.290001,55.500000,54.230000,54.450001,46.159077,4517700
2007-03-28,53.700001,54.830002,53.500000,54.279999,46.014954,2234000
2007-03-29,54.439999,55.250000,54.320000,54.869999,46.515110,3202100
2007-03-30,55.700001,55.900002,53.950001,54.959999,46.591408,2844400
2007-04-02,55.009998,55.290001,54.340000,55.009998,46.633789,2063400
2007-04-03,55.200001,56.000000,54.560001,56.000000,47.581181,3185200
2007-04-04,57.000000,59.660000,56.869999,57.790001,49.102058,10216500
2007-04-05,58.299999,58.299999,56.799999,57.549999,48.898144,4680800
2007-04-09,57.919998,58.349998,57.549999,58.290001,49.526901,2865400
2007-04-10,58.290001,58.500000,57.459999,57.540001,48.889656,2558800
2007-04-11,57.570000,57.849998,56.750000,57.180000,48.583771,4007500
2007-04-12,57.299999,58.270000,56.930000,58.169998,49.424942,2443600
2007-04-13,58.169998,58.560001,57.660000,58.380001,49.603367,2036300
2007-04-16,58.599998,59.200001,58.270000,58.860001,50.011208,1868700
2007-04-17,58.849998,59.200001,58.490002,58.759998,49.926247,1843400
2007-04-18,58.650002,58.799999,58.130001,58.310001,49.543884,1880600
2007-04-19,58.000000,58.490002,57.500000,58.200001,49.450424,2096100
2007-04-20,58.880001,59.270000,58.270000,59.220001,50.317097,2815000
2007-04-23,59.119999,59.599998,58.650002,59.000000,50.130169,1815300
2007-04-24,59.000000,59.380001,58.450001,58.939999,50.079185,2619400
2007-04-25,59.349998,60.110001,59.240002,60.090000,51.056297,3133400
2007-04-26,60.090000,60.459999,59.639999,59.970001,50.954353,2587700
2007-04-27,59.830002,60.410000,59.310001,60.299999,51.234730,2236700
2007-04-30,60.349998,60.349998,58.930000,58.990002,50.121666,3637700
2007-05-01,58.840000,59.070000,56.799999,57.740002,49.059593,3567900
2007-05-02,57.959999,58.779999,57.759998,58.630001,49.815796,2337300
2007-05-03,58.990002,60.110001,58.880001,59.500000,50.554989,2846800
2007-05-04,59.869999,59.980000,59.020000,59.470001,50.529503,1929700
2007-05-07,59.700001,59.830002,59.220001,59.709999,50.733433,1564100
2007-05-08,59.599998,59.740002,58.259998,58.889999,50.036701,3092500
2007-05-09,58.889999,59.119999,58.500000,59.090000,50.206635,2365000
2007-05-10,58.759998,58.980000,57.509998,57.869999,49.170055,1847900
2007-05-11,58.119999,58.709999,57.959999,58.549999,49.747814,1367500
2007-05-14,58.740002,59.299999,58.020000,58.299999,49.535397,1557800
2007-05-15,58.730000,61.220001,58.730000,61.009998,51.837994,5553800
2007-05-16,61.889999,61.889999,60.349998,61.759998,52.475227,3202600
2007-05-17,61.119999,63.900002,61.009998,62.389999,53.010532,6057500
2007-05-18,62.509998,62.880001,61.549999,61.830002,52.534718,3831100
2007-05-21,62.419998,62.500000,61.630001,61.830002,52.534718,3919300
2007-05-22,62.200001,62.340000,60.590000,60.970001,51.804008,4571500
2007-05-23,61.240002,61.669998,60.220001,60.490002,51.396172,2951800
2007-05-24,61.000000,61.790001,59.549999,59.820000,50.826897,2957900
2007-05-25,60.279999,60.720001,60.049999,60.520000,51.421658,1962400
2007-05-29,60.419998,60.820000,59.889999,60.480000,51.387669,1747000
2007-05-30,60.330002,61.669998,60.169998,61.669998,52.398769,2253600
2007-05-31,61.799999,62.400002,61.240002,61.599998,52.339294,2763700
2007-06-01,62.470001,62.700001,61.900002,62.230000,52.874577,2153900
2007-06-04,61.000000,62.150002,61.000000,61.570000,52.313808,2331000
2007-06-05,61.250000,62.349998,61.230000,62.049999,52.721638,2104700
2007-06-06,61.900002,61.919998,60.599998,60.700001,51.574596,2017300
2007-06-07,60.509998,61.230000,59.180000,59.180000,50.283096,3085600
2007-06-08,59.209999,60.540001,59.189999,60.439999,51.353691,3481600
2007-06-11,60.240002,61.380001,60.150002,60.869999,51.719048,2025400
2007-06-12,60.540001,61.240002,60.080002,60.130001,51.090279,2145400
2007-06-13,60.790001,62.340000,60.549999,62.290001,52.925549,3001900
2007-06-14,62.639999,63.919998,62.450001,63.310001,53.792210,3322500
2007-06-15,65.599998,67.860001,64.730003,64.860001,55.109203,9705400
2007-06-18,66.260002,66.900002,65.550003,65.989998,56.069313,5013200
2007-06-19,66.019997,68.000000,66.000000,67.440002,57.301327,4849900
2007-06-20,67.500000,67.620003,65.910004,65.989998,56.069313,4144700
2007-06-21,66.000000,67.169998,65.169998,67.169998,57.071934,4441500
2007-06-22,66.809998,67.669998,66.489998,67.550003,57.394806,4591800
2007-06-25,67.599998,68.809998,67.120003,67.239998,57.131405,5584100
2007-06-26,68.000000,68.389999,67.019997,67.209999,57.105911,6198300
2007-06-27,66.150002,66.989998,64.500000,66.000000,56.077820,5561300
2007-06-28,67.500000,68.239998,66.500000,66.680000,56.655586,6357900
2007-06-29,67.199997,68.500000,67.180000,67.540001,57.386303,5607100
2007-07-02,68.290001,69.410004,67.760002,68.589996,58.278442,4365700
2007-07-03,68.550003,68.779999,67.110001,67.379997,57.354870,2877800
2007-07-05,67.110001,67.949997,66.269997,66.410004,56.529198,3335100
2007-07-06,66.389999,67.000000,65.849998,66.839996,56.895195,1995600
2007-07-09,66.849998,67.459999,66.269997,67.129997,57.142052,2567200
2007-07-10,66.790001,66.910004,65.510002,65.529999,55.780128,3430700
2007-07-11,66.040001,66.559998,65.559998,65.959999,56.146149,3040500
2007-07-12,66.489998,68.489998,65.959999,68.449997,58.265663,4725400
2007-07-13,68.550003,70.489998,68.459999,70.059998,59.636143,4165000
2007-07-16,70.180000,70.750000,69.580002,69.790001,59.406311,3755700
2007-07-17,70.080002,70.400002,69.339996,69.379997,59.057293,2846300
2007-07-18,68.800003,69.690002,68.720001,69.620003,59.261589,4227400
2007-07-19,70.190002,70.250000,69.260002,69.660004,59.295635,3404900
2007-07-20,69.629997,69.790001,68.589996,69.040001,58.767879,3981700
2007-07-23,69.540001,70.169998,69.180000,69.730003,59.355232,3564200
2007-07-24,69.239998,69.760002,68.129997,68.459999,58.274208,4261600
2007-07-25,68.870003,68.940002,65.000000,66.500000,56.605804,6519700
2007-07-26,65.500000,66.029999,63.049999,64.779999,55.141712,8171000
2007-07-27,64.510002,65.750000,63.450001,63.450001,54.009598,4627700
2007-07-30,63.730000,65.400002,63.599998,65.040001,55.363026,4587500
2007-07-31,65.720001,67.400002,64.059998,64.449997,54.860809,4689200
2007-08-01,65.739998,65.739998,63.000000,65.169998,55.473682,6783800
2007-08-02,65.129997,65.400002,64.010002,64.980003,55.311958,3683800
2007-08-03,64.930000,66.370003,64.050003,64.080002,54.545864,3989800
2007-08-06,64.000000,64.480003,62.650002,63.910000,54.401157,5304500
2007-08-07,63.750000,66.500000,63.459999,65.680000,55.907791,4435700
2007-08-08,66.279999,69.050003,66.199997,69.000000,58.733826,4434300
2007-08-09,67.739998,70.750000,67.110001,69.470001,59.133907,5930800
2007-08-10,68.500000,69.279999,66.580002,68.260002,58.103931,5585800
2007-08-13,68.800003,68.800003,67.000000,67.540001,57.491055,2724400
2007-08-14,67.889999,67.989998,65.500000,65.550003,55.797134,3025200
2007-08-15,65.150002,66.199997,63.259998,63.470001,54.026627,4029800
2007-08-16,62.250000,62.959999,58.500000,62.720001,53.388199,8924700
2007-08-17,63.840000,66.099998,62.759998,63.090000,53.703152,5251900
2007-08-20,62.910000,64.500000,61.919998,63.779999,54.290478,3392800
2007-08-21,64.010002,64.889999,63.009998,64.099998,54.562885,2597700
2007-08-22,64.849998,67.000000,64.750000,66.500000,56.605804,3298500
2007-08-23,66.809998,67.129997,65.169998,65.589996,55.831192,2469800
2007-08-24,66.160004,68.500000,65.959999,67.989998,57.874130,3758000
2007-08-27,68.010002,68.669998,67.440002,67.769997,57.686840,2257700
2007-08-28,67.629997,67.900002,65.300003,65.459999,55.720547,2522500
2007-08-29,65.760002,67.959999,65.760002,67.769997,57.686840,2696800
2007-08-30,67.300003,69.349998,67.010002,68.849998,58.606152,4092600
2007-08-31,69.660004,70.879997,69.330002,69.739998,59.363724,3393100
2007-09-04,69.790001,71.910004,69.790001,71.440002,60.810791,3499300
2007-09-05,70.580002,71.290001,70.099998,70.489998,60.002140,2829800
2007-09-06,70.959999,71.099998,70.089996,70.739998,60.214951,2222100
2007-09-07,70.000000,70.660004,69.220001,69.900002,59.499943,3268000
2007-09-10,70.099998,71.300003,69.510002,70.529999,60.036194,3187800
2007-09-11,70.930000,71.889999,70.320000,71.709999,61.040653,2747800
2007-09-12,71.559998,72.589996,71.430000,71.779999,61.100216,3378300
2007-09-13,72.400002,73.269997,71.720001,72.370003,61.602428,2717700
2007-09-14,72.129997,74.900002,72.010002,73.500000,62.564308,4207200
2007-09-17,75.209999,76.980003,74.839996,75.440002,64.215645,7376100
2007-09-18,75.500000,77.889999,75.110001,77.879997,66.292641,5473000
2007-09-19,78.599998,82.250000,78.589996,80.379997,68.420662,6552600
2007-09-20,80.639999,81.000000,79.000000,79.040001,67.280029,4793700
2007-09-21,78.900002,79.239998,77.550003,78.809998,67.084267,5095200
2007-09-24,78.910004,80.070000,78.500000,79.139999,67.365166,4479800
2007-09-25,78.980003,81.970001,78.900002,80.839996,68.812248,5752200
2007-09-26,82.790001,84.459999,82.269997,83.750000,71.289268,5433800
2007-09-27,84.489998,84.839996,83.269997,84.540001,71.961708,3113300
2007-09-28,84.949997,86.900002,84.599998,85.739998,72.983177,5606400
2007-10-01,86.290001,86.290001,83.500000,85.720001,72.966156,6723300
2007-10-02,84.599998,85.290001,82.769997,84.690002,72.089394,5756900
2007-10-03,84.129997,84.290001,82.510002,84.239998,71.854828,6205900
2007-10-04,84.500000,85.260002,84.110001,84.760002,72.298401,3855600
2007-10-05,86.349998,87.139999,85.300003,86.930000,74.149353,3003300
2007-10-08,87.099998,88.190002,86.500000,87.769997,74.865837,3459600
2007-10-09,89.000000,89.839996,88.330002,89.519997,76.358597,5778400
2007-10-10,87.010002,90.449997,85.540001,88.779999,75.727364,13611000
2007-10-11,89.739998,93.900002,89.500000,90.790001,77.441833,9223200
2007-10-12,91.000000,94.230003,91.000000,93.540001,79.787544,4351900
2007-10-15,93.449997,94.129997,90.769997,91.349998,77.919518,5516000
2007-10-16,90.849998,91.570000,89.339996,90.940002,77.569801,4465300
2007-10-17,92.110001,92.120003,87.430000,88.480003,75.471481,6794900
2007-10-18,88.269997,91.000000,87.500000,90.699997,77.365082,3959100
2007-10-19,89.559998,90.879997,88.169998,88.230003,75.258232,5058400
2007-10-22,87.099998,87.480003,85.269997,87.139999,74.328453,5207300
2007-10-23,87.730003,89.830002,87.480003,89.830002,76.622986,2922800
2007-10-24,89.050003,90.160004,87.680000,89.730003,76.537682,4638400
2007-10-25,91.720001,92.809998,90.110001,92.459999,78.866318,4148900
2007-10-26,93.570000,96.300003,93.309998,94.279999,80.418724,4950100
2007-10-29,95.779999,96.220001,94.500000,95.540001,81.493477,3051400
2007-10-30,95.309998,95.730003,92.529999,93.000000,79.326920,3055800
2007-10-31,93.510002,98.699997,93.260002,97.629997,83.276192,4394800
2007-11-01,96.199997,97.400002,93.370003,93.809998,80.017830,4258000
2007-11-02,94.570000,94.940002,90.639999,94.430000,80.546684,5005300
2007-11-05,94.000000,94.269997,91.839996,93.389999,79.659569,2736300
2007-11-06,93.459999,96.750000,93.459999,96.739998,82.517059,3342800
2007-11-07,96.160004,96.500000,94.260002,94.559998,80.657562,4241200
2007-11-08,95.019997,99.980003,94.389999,98.290001,83.839172,9635700
2007-11-09,96.570000,99.080002,95.769997,96.730003,82.508545,5407600
2007-11-12,95.680000,98.970001,89.010002,89.230003,76.111176,7382000
2007-11-13,89.970001,94.589996,89.360001,93.699997,79.923996,5805500
2007-11-14,95.169998,95.970001,93.980003,94.739998,80.811096,3721400
2007-11-15,94.180000,95.199997,91.199997,92.750000,79.113670,5496900
2007-11-16,93.190002,94.769997,91.769997,94.279999,80.418724,4086900
2007-11-19,93.870003,94.000000,90.500000,90.860001,77.501556,4128500
2007-11-20,91.000000,93.800003,90.500000,92.919998,79.258682,4020500
2007-11-21,92.339996,92.379997,87.500000,87.730003,74.831741,4403000
2007-11-23,89.050003,90.580002,88.800003,90.410004,77.117722,1236200
2007-11-26,91.129997,92.800003,89.120003,89.330002,76.196472,4252700
2007-11-27,90.400002,92.059998,88.720001,91.940002,78.422791,3562400
2007-11-28,92.820000,99.110001,92.290001,99.110001,84.538612,6124900
2007-11-29,98.599998,100.900002,97.790001,98.169998,83.736786,5397800
2007-11-30,100.250000,100.250000,96.940002,99.370003,84.760391,4730500
2007-12-03,99.570000,103.129997,97.330002,101.610001,86.671066,6044300
2007-12-04,101.209999,103.309998,100.690002,101.389999,86.483391,3668100
2007-12-05,102.129997,104.919998,102.120003,104.809998,89.400597,3988500
2007-12-06,104.769997,106.790001,104.070000,106.419998,90.773872,3050900
2007-12-07,106.830002,107.250000,104.730003,106.239998,90.620361,3779200
2007-12-10,107.540001,109.849998,106.830002,109.360001,93.281631,3617300
2007-12-11,109.559998,109.559998,102.000000,102.669998,87.575203,4976400
2007-12-12,107.919998,107.919998,100.580002,103.040001,87.890831,5943900
2007-12-13,102.839996,105.330002,100.400002,104.989998,89.554115,3850800
2007-12-14,104.160004,107.860001,103.639999,104.500000,89.136177,3540800
2007-12-17,103.839996,104.949997,100.519997,101.190002,86.312805,3337000
2007-12-18,102.000000,102.500000,96.269997,101.010002,86.159286,4954500
2007-12-19,101.419998,103.989998,100.190002,103.040001,87.890831,3557900
2007-12-20,103.639999,108.779999,103.629997,108.459999,92.513954,4440500
2007-12-21,109.940002,111.940002,107.050003,111.309998,94.944946,5549500
2007-12-24,113.080002,115.099998,112.500000,114.470001,97.640358,1510900
2007-12-26,114.849998,116.110001,112.779999,115.330002,98.373917,2692800
2007-12-27,114.570000,116.250000,112.080002,112.400002,95.874695,3126200
2007-12-28,113.779999,113.980003,110.839996,111.250000,94.893761,2821600
2007-12-31,112.430000,114.160004,110.660004,111.690002,95.269081,2654100
2008-01-02,112.919998,112.919998,109.129997,111.470001,95.230614,4570800
2008-01-03,116.989998,123.000000,115.540001,120.919998,103.303909,12392100
2008-01-04,119.000000,122.230003,118.000000,119.629997,102.201843,7749700
2008-01-07,121.989998,124.349998,118.000000,120.440002,102.893845,9311200
2008-01-08,121.279999,125.000000,119.550003,120.019997,102.535034,8076500
2008-01-09,121.459999,121.830002,109.800003,119.540001,102.124947,12153200
2008-01-10,118.529999,123.019997,117.239998,122.040001,104.260735,7277300
2008-01-11,121.160004,124.599998,119.599998,120.629997,103.056160,6753500
2008-01-14,121.360001,127.730003,121.339996,127.250000,108.711754,7131000
2008-01-15,125.930000,129.279999,121.669998,123.339996,105.371361,7060900
2008-01-16,121.820000,122.410004,108.230003,112.699997,96.281433,14546800
2008-01-17,106.389999,107.790001,96.110001,99.610001,85.098434,26096700
2008-01-18,102.010002,106.349998,99.050003,105.750000,90.343933,14510600
2008-01-22,95.680000,105.000000,95.199997,103.690002,88.584038,12871400
2008-01-23,100.050003,104.750000,93.220001,104.489998,89.267502,15668900
2008-01-24,107.599998,111.559998,106.970001,110.500000,94.401947,8613300
2008-01-25,113.980003,114.599998,107.199997,108.129997,92.377197,7860500
2008-01-28,106.510002,111.110001,105.059998,110.639999,94.521568,5039700
2008-01-29,113.989998,114.330002,109.389999,110.330002,94.256714,6328000
2008-01-30,110.930000,116.820000,108.019997,111.559998,95.307503,7507600
2008-01-31,108.300003,114.400002,108.029999,111.589996,95.333145,8021000
2008-02-01,111.330002,115.300003,111.330002,114.599998,97.904640,6301600
2008-02-04,115.739998,116.199997,112.809998,114.269997,97.622726,4478900
2008-02-05,112.839996,114.550003,107.489998,107.570000,91.898788,7403000
2008-02-06,108.129997,110.349998,105.120003,106.379997,90.882156,8559200
2008-02-07,104.610001,106.470001,98.570000,103.930000,88.789055,10311400
2008-02-08,104.690002,111.239998,103.889999,109.919998,93.906418,8762700
2008-02-11,110.889999,115.010002,109.070000,114.029999,97.417648,6427700
2008-02-12,118.089996,119.949997,114.230003,115.050003,98.289078,9966700
2008-02-13,116.949997,116.949997,112.349998,114.010002,97.400574,6397600
2008-02-14,115.250000,117.860001,114.900002,116.010002,99.109222,5030300
2008-02-15,116.209999,116.980003,112.250000,115.349998,98.545403,4380700
2008-02-19,118.000000,119.989998,117.019997,117.870003,100.698250,5791600
2008-02-20,116.820000,119.419998,115.349998,119.050003,101.706337,5976000
2008-02-21,120.489998,120.489998,116.080002,116.430000,99.468033,5690300
2008-02-22,117.580002,118.209999,114.260002,116.669998,99.673058,4352000
2008-02-25,118.000000,121.989998,116.769997,121.919998,104.158234,7193600
2008-02-26,122.379997,123.800003,119.000000,120.760002,103.167213,6677200
2008-02-27,118.150002,123.000000,117.739998,119.269997,101.894302,6588200
2008-02-28,118.559998,120.199997,117.150002,118.519997,101.253563,4538300
2008-02-29,117.510002,118.949997,115.040001,115.680000,98.827293,5132600
2008-03-03,115.480003,119.089996,115.010002,118.629997,101.347519,6219200
2008-03-04,116.809998,118.570000,107.849998,111.720001,95.444191,12608300
2008-03-05,112.599998,115.989998,111.000000,115.250000,98.459938,7322200
2008-03-06,115.400002,116.940002,114.129997,114.419998,97.750877,6332500
2008-03-07,111.559998,113.849998,105.589996,106.459999,90.950508,9560000
2008-03-10,104.989998,104.989998,100.110001,101.209999,86.465340,10620800
2008-03-11,104.500000,108.430000,103.360001,108.379997,92.590767,9439800
2008-03-12,109.739998,110.260002,105.339996,106.029999,90.583160,5620400
2008-03-13,104.580002,111.570000,101.209999,110.010002,93.983337,10153400
2008-03-14,111.760002,112.169998,105.870003,108.790001,92.941063,9158700
2008-03-17,104.110001,108.250000,102.250000,106.650002,91.112816,8237800
2008-03-18,108.779999,112.459999,106.589996,112.080002,95.751778,8056100
2008-03-19,112.510002,113.709999,98.050003,98.870003,84.466225,12879700
2008-03-20,97.230003,99.120003,90.500000,97.129997,82.979729,14810800
2008-03-24,101.000000,106.330002,100.940002,104.260002,89.071007,7947200
2008-03-25,114.199997,116.870003,111.809998,114.540001,97.853378,13581400
2008-03-26,114.150002,116.610001,113.129997,114.750000,98.032784,5966700
2008-03-27,113.639999,115.900002,112.309998,113.419998,96.896530,5237000
2008-03-28,115.330002,116.250000,112.779999,114.300003,97.648331,4123800
2008-03-31,114.300003,115.330002,107.580002,111.500000,95.256233,7160900
2008-04-01,113.040001,113.129997,104.599998,113.129997,96.648804,12255100
2008-04-02,108.959999,112.419998,105.839996,112.000000,95.831665,13562500
2008-04-03,111.690002,119.449997,110.650002,117.790001,100.785812,9574800
2008-04-04,119.680000,121.110001,116.730003,119.300003,102.077835,7329600
2008-04-07,121.459999,124.199997,118.150002,119.589996,102.325981,7420900
2008-04-08,118.879997,120.900002,117.080002,120.779999,103.344147,4554200
2008-04-09,121.879997,122.910004,119.099998,119.889999,102.582664,5998000
2008-04-10,121.019997,121.480003,118.120003,120.269997,102.907799,4298500
2008-04-11,119.190002,123.959999,118.739998,121.120003,103.635078,6104000
2008-04-14,122.010002,125.010002,120.889999,123.500000,105.671539,6636600
2008-04-15,124.989998,125.389999,121.349998,122.680000,104.969894,5115700
2008-04-16,125.699997,132.360001,125.099998,131.539993,112.550850,10596700
2008-04-17,131.800003,132.000000,125.379997,127.339996,108.957146,8288200
2008-04-18,126.400002,131.360001,126.110001,129.190002,110.540115,9111300
2008-04-21,129.020004,130.889999,126.139999,129.699997,110.976463,7011600
2008-04-22,130.449997,131.250000,127.400002,128.580002,110.018181,5647500
2008-04-23,129.380005,129.759995,124.139999,125.580002,107.451271,6495400
2008-04-24,125.900002,125.900002,118.099998,118.919998,101.752678,9022500
2008-04-25,120.400002,125.500000,119.669998,125.480003,107.365700,6561000
2008-04-28,124.849998,124.849998,120.540001,121.989998,104.379478,6057800
2008-04-29,120.129997,121.330002,110.410004,110.930000,94.916115,13369300
2008-04-30,112.750000,116.940002,112.339996,114.019997,97.560036,12162800
2008-05-01,113.500000,115.589996,108.110001,113.660004,97.252022,9695700
2008-05-02,114.860001,115.589996,111.720001,115.220001,98.586838,7392200
2008-05-05,115.989998,118.120003,115.400002,117.910004,100.888496,7072600
2008-05-06,118.739998,120.750000,117.470001,119.699997,102.420090,6248000
2008-05-07,119.860001,121.120003,116.519997,117.440002,100.486328,5745700
2008-05-08,117.750000,121.250000,116.199997,121.139999,103.652199,6125100
2008-05-09,119.300003,120.739998,117.800003,119.709999,102.428642,3809300
2008-05-12,119.809998,122.250000,118.760002,121.820000,104.234016,3808700
2008-05-13,122.129997,122.129997,118.400002,120.389999,103.010475,4283500
2008-05-14,119.680000,125.000000,119.680000,122.629997,104.927109,5949700
2008-05-15,124.400002,125.269997,122.690002,123.680000,105.825523,5040900
2008-05-16,124.430000,125.339996,122.800003,125.110001,107.049103,4988700
2008-05-19,124.959999,125.269997,121.050003,122.169998,104.533524,5397300
2008-05-20,122.110001,125.199997,121.199997,125.000000,106.955002,4795200
2008-05-21,125.669998,125.919998,119.629997,119.900002,102.591217,5289100
2008-05-22,121.599998,124.910004,120.500000,121.339996,103.823326,5811800
2008-05-23,121.580002,122.169998,118.099998,121.449997,103.917450,4454500
2008-05-27,121.599998,121.820000,117.180000,119.070000,101.881012,5437400
2008-05-28,119.459999,125.360001,118.000000,125.320000,107.228760,5732200
2008-05-29,124.599998,126.000000,122.430000,123.860001,105.979523,5165900
2008-05-30,124.709999,128.449997,124.260002,127.400002,109.008507,4595200
2008-06-02,127.459999,130.440002,126.650002,128.550003,109.992462,5136600
2008-06-03,130.309998,137.000000,130.029999,133.139999,113.919861,12171400
2008-06-04,133.610001,135.479996,131.050003,131.600006,112.602203,6797600
2008-06-05,133.460007,139.059998,133.029999,138.509995,118.514656,10060300
2008-06-06,138.250000,140.440002,135.759995,135.759995,116.161697,8126100
2008-06-09,137.899994,140.839996,136.000000,138.449997,118.463348,7372600
2008-06-10,137.259995,137.470001,133.940002,136.339996,116.657928,6713600
2008-06-11,138.250000,140.380005,133.300003,133.399994,114.142334,8101300
2008-06-12,135.089996,136.360001,132.770004,134.929993,115.451477,5699900
2008-06-13,135.190002,137.899994,133.759995,137.259995,117.445099,4777300
2008-06-16,139.160004,140.169998,135.520004,135.919998,116.298561,6957300
2008-06-17,137.119995,143.750000,137.119995,142.690002,122.091255,8843200
2008-06-18,144.080002,145.800003,140.899994,141.500000,121.073013,8926100
2008-06-19,143.149994,144.050003,139.279999,139.360001,119.241966,6512600
2008-06-20,140.490005,142.089996,138.399994,139.949997,119.746765,7552500
2008-06-23,141.199997,142.050003,135.929993,142.050003,121.543648,6088700
2008-06-24,141.820007,141.820007,134.309998,135.789993,116.187294,11496600
2008-06-25,131.750000,134.880005,126.309998,131.520004,112.533752,20778400
2008-06-26,133.800003,134.899994,127.199997,127.250000,108.880173,10001500
2008-06-27,127.050003,130.429993,122.400002,128.339996,109.812805,8926300
2008-06-30,129.610001,130.220001,125.430000,126.440002,108.187103,6867600
2008-07-01,123.389999,125.959999,120.519997,125.120003,107.261284,8906800
2008-07-02,126.190002,126.910004,119.260002,119.410004,102.366257,7976800
2008-07-03,118.849998,122.449997,114.760002,120.209999,103.052063,6330300
2008-07-07,121.760002,122.820000,115.540001,118.639999,101.706139,7060100
2008-07-08,117.970001,118.440002,112.000000,117.540001,100.763153,10568800
2008-07-09,119.500000,124.089996,118.500000,118.690002,101.749016,7552100
2008-07-10,119.029999,121.000000,117.519997,120.000000,102.872032,5824900
2008-07-11,118.400002,120.610001,116.239998,119.260002,102.237663,5071400
2008-07-14,121.489998,122.389999,117.199997,119.290001,102.263382,4997500
2008-07-15,117.809998,119.110001,113.660004,116.400002,99.785881,6777600
2008-07-16,116.010002,117.480003,112.519997,117.190002,100.463142,6371600
2008-07-17,117.650002,120.900002,112.730003,115.570000,99.074333,8594100
2008-07-18,114.760002,115.540001,110.029999,111.839996,95.876724,9107900
2008-07-21,112.440002,118.879997,111.050003,118.660004,101.723305,5982900
2008-07-22,118.010002,120.860001,114.820000,119.779999,102.683449,6695700
2008-07-23,119.720001,120.750000,110.570000,111.769997,95.816750,7686700
2008-07-24,113.500000,117.550003,111.139999,113.000000,96.871162,10723800
2008-07-25,114.589996,117.320000,113.000000,116.089996,99.520134,5180100
2008-07-28,116.760002,116.760002,114.050003,114.510002,98.165642,4193000
2008-07-29,114.500000,116.349998,113.400002,115.699997,99.185776,6841000
2008-07-30,117.540001,123.879997,116.220001,123.650002,106.001045,7153000
2008-07-31,122.620003,123.110001,118.690002,119.110001,102.109085,5838100
2008-08-01,119.510002,121.690002,113.529999,114.830002,98.439957,5650100
2008-08-04,114.370003,115.339996,105.610001,107.019997,91.744720,9675600
2008-08-05,105.349998,108.839996,103.779999,106.949997,91.684708,10494500
2008-08-06,107.599998,111.150002,107.320000,109.400002,93.784988,6235100
2008-08-07,109.889999,110.120003,106.300003,107.320000,92.001900,5186600
2008-08-08,105.010002,108.800003,103.500000,107.660004,92.293365,6490800
2008-08-11,107.989998,109.349998,104.099998,107.879997,92.481956,8019700
2008-08-12,106.510002,113.379997,106.440002,111.480003,95.568123,9798300
2008-08-13,112.089996,117.940002,110.339996,117.279999,100.540268,8101700
2008-08-14,116.300003,117.220001,113.169998,114.389999,98.062759,4814800
2008-08-15,112.790001,113.400002,110.459999,112.459999,96.408234,4955300
2008-08-18,114.139999,116.419998,111.870003,113.050003,96.914017,4822300
2008-08-19,111.370003,114.690002,110.180000,112.860001,96.751129,4601300
2008-08-20,115.279999,118.370003,114.500000,118.080002,101.226089,5610000
2008-08-21,119.290001,120.430000,117.230003,119.309998,102.280525,5661300
2008-08-22,118.559998,119.570000,116.779999,118.070000,101.217522,4473800
2008-08-25,118.949997,119.470001,115.320000,115.820000,99.288673,4569200
2008-08-26,115.370003,116.639999,114.279999,116.029999,99.468689,3946500
2008-08-27,116.709999,117.900002,115.279999,116.500000,99.871628,3240200
2008-08-28,117.059998,118.459999,115.050003,116.839996,100.163071,2594500
2008-08-29,117.209999,117.400002,114.239998,114.250000,97.942764,5567200
2008-09-02,111.820000,112.470001,107.500000,109.339996,93.733559,7005400
2008-09-03,108.930000,112.000000,105.849998,107.900002,92.499115,6541800
2008-09-04,106.639999,109.519997,100.580002,103.699997,88.898598,9362500
2008-09-05,105.489998,108.339996,101.949997,107.190002,91.890465,8310800
2008-09-08,109.989998,110.980003,101.110001,105.620003,90.544540,9430000
2008-09-09,102.290001,103.000000,97.940002,99.879997,85.623825,14455000
2008-09-10,100.209999,102.900002,97.000000,101.000000,86.583969,8459400
2008-09-11,98.559998,107.330002,98.279999,106.239998,91.076073,8520400
2008-09-12,106.980003,112.870003,105.610001,111.760002,95.808159,8119700
2008-09-15,106.220001,111.750000,105.010002,105.040001,90.047325,7317300
2008-09-16,103.180000,113.980003,102.419998,112.970001,96.845467,11285600
2008-09-17,112.370003,115.150002,106.400002,107.650002,92.284790,11095800
2008-09-18,109.320000,115.040001,102.589996,112.650002,96.571144,10145100
2008-09-19,117.989998,120.000000,115.809998,118.410004,101.508972,9625300
2008-09-22,118.959999,121.320000,116.059998,116.989998,100.291656,6742100
2008-09-23,116.339996,116.760002,111.169998,112.139999,96.133942,6607800
2008-09-24,113.800003,114.699997,110.279999,112.480003,96.425400,4883800
2008-09-25,112.760002,112.919998,107.900002,109.239998,93.647835,7897400
2008-09-26,105.220001,106.419998,102.559998,106.059998,90.921715,6376400
2008-09-29,103.180000,103.800003,92.669998,97.150002,83.283493,11250800
2008-09-30,98.550003,101.709999,94.059998,98.980003,84.852318,8323500
2008-10-01,99.510002,100.690002,94.800003,97.839996,84.078880,7224700
2008-10-02,84.760002,87.300003,77.099998,82.010002,70.475357,39618000
2008-10-03,84.320000,90.029999,82.440002,83.260002,71.549545,15993000
2008-10-06,80.010002,80.500000,69.199997,75.480003,64.863800,26095600
2008-10-07,79.300003,82.699997,72.400002,74.180000,63.746643,17838000
2008-10-08,68.019997,87.820000,68.019997,81.440002,69.985527,27036900
2008-10-09,84.239998,89.489998,78.650002,79.339996,68.180901,15868700
2008-10-10,74.320000,85.739998,73.910004,78.660004,67.596542,19238000
2008-10-13,83.650002,95.389999,83.279999,93.639999,80.469574,14979600
2008-10-14,96.589996,96.790001,85.050003,88.680000,76.207237,14057700
2008-10-15,85.410004,85.410004,78.489998,79.059998,67.940292,11802400
2008-10-16,80.000000,83.279999,74.599998,78.250000,67.244194,20069200
2008-10-17,75.970001,84.500000,75.010002,80.000000,68.748055,13241800
2008-10-20,82.959999,89.790001,81.680000,89.449997,76.868889,10873800
2008-10-21,87.220001,90.000000,84.529999,85.379997,73.371368,9675300
2008-10-22,82.099998,82.260002,75.860001,78.400002,67.373077,12258900
2008-10-23,79.940002,80.500000,71.000000,74.910004,64.373955,13983900
2008-10-24,69.800003,75.410004,69.110001,71.949997,61.830265,12916600
2008-10-27,70.419998,76.760002,70.000000,71.089996,61.091213,8698700
2008-10-28,75.750000,83.150002,71.959999,83.150002,71.455009,12782500
2008-10-29,82.919998,93.320000,81.900002,87.930000,75.562706,13757600
2008-10-30,91.489998,92.709999,85.089996,89.220001,76.671280,11761900
2008-10-31,87.870003,91.410004,84.959999,88.980003,76.465004,8854500
2008-11-03,88.379997,91.500000,85.099998,87.339996,75.055679,7497800
2008-11-04,90.010002,94.949997,89.510002,93.739998,80.555542,8590200
2008-11-05,92.000000,94.199997,87.360001,87.709999,75.373657,7493700
2008-11-06,86.000000,88.400002,82.750000,85.059998,73.096382,8105100
2008-11-07,86.449997,89.120003,84.769997,88.120003,75.725983,5373300
2008-11-10,91.250000,92.570000,86.000000,87.519997,75.210358,5892400
2008-11-11,85.139999,86.599998,81.660004,83.900002,72.099518,5591600
2008-11-12,81.980003,82.000000,78.239998,78.620003,67.562149,6518000
2008-11-13,78.910004,83.000000,75.080002,82.089996,70.544083,11954300
2008-11-14,79.610001,80.500000,74.000000,74.099998,63.677872,11055900
2008-11-17,74.099998,77.769997,72.680000,74.410004,63.944275,7381700
2008-11-18,74.279999,76.419998,72.169998,74.809998,64.288017,7844000
2008-11-19,72.620003,75.230003,70.000000,70.070000,60.214703,9106100
2008-11-20,68.470001,72.849998,65.400002,66.260002,56.940575,11233200
2008-11-21,68.919998,69.059998,63.470001,67.410004,57.928829,12201400
2008-11-24,68.800003,72.129997,67.209999,70.120003,60.257656,9400300
2008-11-25,73.040001,76.110001,70.300003,75.029999,64.477089,7918000
2008-11-26,73.000000,77.040001,71.919998,76.389999,65.645790,6927700
2008-11-28,75.790001,79.199997,75.300003,79.199997,68.060577,2771800
2008-12-01,76.800003,76.839996,70.800003,71.150002,61.142811,6241400
2008-12-02,71.120003,74.449997,70.000000,73.860001,63.471653,7000800
2008-12-03,71.239998,77.000000,71.089996,76.650002,65.869240,6375700
2008-12-04,74.129997,76.959999,72.000000,73.410004,63.084930,7426800
2008-12-05,72.360001,75.129997,70.000000,74.919998,64.382561,7042300
2008-12-08,77.190002,81.400002,76.519997,79.690002,68.481651,9053000
2008-12-09,78.019997,84.209999,77.540001,81.730003,70.234718,6956200
2008-12-10,83.750000,84.389999,80.250000,81.000000,69.607414,6237800
2008-12-11,79.589996,81.070000,73.180000,73.800003,63.420101,8765900
2008-12-12,72.010002,73.889999,69.629997,69.730003,59.922543,11811600
2008-12-15,72.989998,73.089996,69.779999,70.410004,60.506886,8409000
2008-12-16,72.660004,76.000000,71.919998,75.150002,64.580208,10499800
2008-12-17,74.059998,77.169998,74.050003,75.809998,65.147377,8033800
2008-12-18,76.550003,76.940002,73.470001,74.480003,64.004448,8045300
2008-12-19,72.989998,74.900002,71.250000,71.629997,61.555298,7790200
2008-12-22,68.160004,69.150002,65.599998,66.290001,56.966362,12820500
2008-12-23,67.860001,68.750000,66.180000,66.260002,56.940575,6741200
2008-12-24,66.910004,67.980003,66.050003,67.309998,57.842880,2230800
2008-12-26,68.029999,68.489998,66.849998,67.720001,58.195206,2092200
2008-12-29,68.650002,69.080002,66.580002,68.470001,58.839737,3615000
2008-12-30,68.800003,70.150002,68.400002,69.519997,59.742065,4098100
2008-12-31,69.010002,71.099998,69.010002,70.349998,60.455326,3810300
2009-01-02,70.480003,74.220001,69.739998,73.720001,63.351322,4730500
2009-01-05,73.440002,75.620003,72.330002,74.379997,63.918491,6822600
2009-01-06,75.459999,76.000000,70.849998,73.459999,63.127914,12466100
2009-01-07,79.919998,87.300003,79.250000,86.160004,74.284355,35449200
2009-01-08,85.790001,87.320000,80.949997,83.040001,71.594383,16299900
2009-01-09,83.379997,84.120003,80.989998,81.139999,69.956253,8352200
2009-01-12,80.250000,80.870003,76.970001,78.050003,67.292175,9329200
2009-01-13,77.529999,79.669998,76.239998,78.309998,67.516319,8419400
2009-01-14,76.370003,77.089996,74.510002,76.309998,65.792023,9911100
2009-01-15,76.540001,78.870003,74.000000,78.440002,67.628426,11911500
2009-01-16,80.199997,80.870003,77.150002,79.610001,68.637161,8793400
2009-01-20,78.980003,79.389999,75.379997,75.849998,65.395416,8322500
2009-01-21,76.349998,78.629997,75.650002,78.300003,67.507721,6991700
2009-01-22,76.190002,80.550003,75.769997,78.589996,67.757744,8355900
2009-01-23,76.410004,79.650002,76.279999,78.910004,68.033623,8044500
2009-01-26,79.500000,82.269997,78.209999,79.250000,68.326759,7397600
2009-01-27,80.199997,80.570000,77.169998,78.660004,67.818108,5578100
2009-01-28,80.199997,81.019997,77.750000,78.559998,67.731873,8625200
2009-01-29,77.449997,79.419998,77.160004,78.139999,67.369751,5240000
2009-01-30,78.449997,78.900002,75.500000,76.059998,65.576462,7206000
2009-02-02,75.430000,76.959999,74.410004,75.849998,65.395416,5064500
2009-02-03,76.650002,77.300003,75.550003,76.849998,66.257568,3862200
2009-02-04,78.209999,81.010002,78.089996,79.050003,68.154366,6670400
2009-02-05,78.720001,82.790001,78.089996,82.330002,70.982231,9836100
2009-02-06,83.820000,85.019997,82.370003,83.959999,72.387611,7937600
2009-02-09,84.389999,85.769997,82.389999,83.660004,72.128922,6247900
2009-02-10,81.559998,85.669998,80.029999,80.849998,69.706245,7935900
2009-02-11,82.379997,82.650002,79.339996,80.129997,69.085487,6435200
2009-02-12,79.120003,80.750000,77.500000,80.750000,69.620010,8143100
2009-02-13,80.029999,80.919998,78.900002,79.410004,68.464737,6196100
2009-02-17,77.080002,77.339996,75.169998,76.199997,65.697151,7456200
2009-02-18,77.500000,77.760002,74.949997,77.190002,66.550728,6990800
2009-02-19,78.000000,80.099998,77.949997,78.870003,67.999146,8779800
2009-02-20,77.570000,80.449997,77.010002,79.680000,68.697517,9859400
2009-02-23,80.400002,80.849998,74.239998,74.699997,64.403893,8033900
2009-02-24,75.290001,77.790001,72.809998,77.400002,66.731758,7909500
2009-02-25,78.199997,78.970001,73.570000,76.160004,65.662674,11974600
2009-02-26,77.209999,80.690002,76.370003,76.599998,66.042015,8284200
2009-02-27,74.959999,78.529999,74.660004,76.269997,65.757507,7680300
2009-03-02,74.599998,75.349998,71.250000,71.750000,61.860523,9023300
2009-03-03,72.650002,74.580002,71.540001,72.010002,62.084667,7906800
2009-03-04,73.900002,75.500000,72.410004,73.779999,63.610714,9266300
2009-03-05,72.010002,74.320000,71.379997,72.029999,62.101913,8011000
2009-03-06,72.300003,74.290001,69.620003,71.650002,61.774292,7551000
2009-03-09,70.660004,74.800003,70.260002,72.930000,62.877857,6285000
2009-03-10,74.580002,77.680000,74.379997,77.660004,66.955933,7857600
2009-03-11,78.430000,81.989998,78.150002,81.239998,70.042488,10306600
2009-03-12,80.209999,82.449997,78.169998,81.690002,70.430458,8239900
2009-03-13,82.269997,82.660004,77.790001,79.110001,68.206062,8985900
2009-03-16,80.010002,82.900002,79.849998,82.730003,71.327126,8455700
2009-03-17,82.440002,83.599998,81.059998,83.070000,71.620247,6173500
2009-03-18,82.669998,84.400002,81.000000,84.029999,72.447922,6470900
2009-03-19,85.139999,85.680000,81.209999,81.980003,70.680466,8177100
2009-03-20,82.419998,82.970001,79.820000,80.349998,69.275146,5718800
2009-03-23,82.470001,85.139999,81.110001,84.889999,73.189400,5923200
2009-03-24,84.080002,85.139999,82.860001,83.440002,71.939270,4979000
2009-03-25,84.050003,84.660004,80.620003,83.099998,71.646111,5397400
2009-03-26,83.820000,87.919998,83.209999,87.639999,75.560379,7324400
2009-03-27,86.440002,87.809998,85.260002,86.239998,74.353333,5087700
2009-03-30,84.000000,84.000000,82.010002,82.760002,71.352989,5666300
2009-03-31,83.389999,84.400002,81.709999,83.099998,71.646111,5093800
2009-04-01,81.220001,84.730003,80.029999,81.739998,70.699020,10611200
2009-04-02,85.199997,85.750000,78.910004,81.410004,70.413597,18559000
2009-04-03,79.589996,81.519997,76.980003,81.260002,70.283859,13128900
2009-04-06,79.930000,80.000000,77.900002,79.129997,68.441566,6268000
2009-04-07,78.489998,78.739998,77.320000,77.830002,67.317146,5689200
2009-04-08,77.360001,80.849998,77.000000,80.199997,69.367020,7743400
2009-04-09,82.290001,83.400002,81.500000,82.800003,71.615852,5817500
2009-04-13,82.250000,83.480003,80.699997,83.070000,71.849373,4069600
2009-04-14,82.680000,83.169998,81.260002,81.550003,70.534683,3771300
2009-04-15,81.150002,82.320000,80.809998,82.309998,71.192032,3559800
2009-04-16,82.889999,82.889999,81.029999,81.220001,70.249260,4279100
2009-04-17,81.449997,82.000000,79.949997,81.059998,70.110893,5092200
2009-04-20,80.080002,80.860001,77.800003,78.410004,67.818817,4528800
2009-04-21,78.349998,79.629997,77.699997,79.500000,68.761597,3826500
2009-04-22,79.269997,80.370003,78.370003,79.110001,68.424248,4476400
2009-04-23,78.910004,80.150002,77.120003,78.309998,67.732323,4463900
2009-04-24,79.000000,82.470001,78.599998,81.120003,70.162773,4929800
2009-04-27,79.820000,82.000000,79.199997,81.199997,70.231949,3325600
2009-04-28,80.080002,81.989998,79.650002,81.000000,70.058975,2705600
2009-04-29,81.500000,83.279999,81.480003,82.750000,71.572601,3535200
2009-04-30,83.769997,85.389999,82.910004,84.889999,73.423546,5765200
2009-05-01,85.070000,85.930000,83.660004,85.250000,73.734901,3472900
2009-05-04,86.500000,89.089996,85.870003,89.000000,76.978378,5322300
2009-05-05,88.650002,90.699997,88.040001,89.849998,77.713562,5788800
2009-05-06,90.559998,91.400002,88.430000,89.059998,77.030289,5153900
2009-05-07,89.980003,89.980003,84.919998,86.040001,74.418198,8078900
2009-05-08,88.180000,88.180000,85.800003,86.419998,74.746887,6449800
2009-05-11,84.839996,86.230003,84.519997,85.959999,74.349014,5404900
2009-05-12,86.620003,90.400002,86.220001,90.080002,77.912483,8997300
2009-05-13,89.010002,91.900002,88.589996,90.889999,78.613091,9502400
2009-05-14,90.849998,91.599998,89.419998,90.029999,77.869225,6329900
2009-05-15,90.690002,91.459999,88.669998,89.949997,77.800056,6211400
2009-05-18,90.480003,90.680000,87.930000,90.220001,78.033592,6164700
2009-05-19,89.779999,91.410004,89.300003,89.599998,77.497345,5648000
2009-05-20,90.779999,93.349998,90.199997,91.830002,79.426132,6856900
2009-05-21,90.610001,90.860001,88.160004,89.290001,77.229225,4901700
2009-05-22,87.900002,89.290001,84.900002,86.610001,74.911209,11737700
2009-05-26,85.389999,87.500000,84.779999,85.250000,73.734901,7685100
2009-05-27,82.000000,82.860001,79.669998,79.879997,69.090240,21772800
2009-05-28,81.250000,81.250000,78.250000,79.000000,68.329117,12920000
2009-05-29,80.139999,82.180000,79.489998,82.150002,71.053642,9833100
2009-06-01,83.980003,84.349998,80.800003,81.480003,70.474129,10923900
2009-06-02,82.209999,82.989998,81.029999,82.699997,71.529327,7330100
2009-06-03,81.459999,82.150002,80.570000,81.500000,70.491417,7026300
2009-06-04,81.739998,83.169998,81.190002,82.900002,71.702332,6383600
2009-06-05,84.190002,85.000000,81.510002,81.980003,70.906609,5449700
2009-06-08,81.589996,83.440002,81.059998,82.790001,71.607208,4772400
2009-06-09,83.260002,85.900002,82.949997,85.070000,73.579231,6451400
2009-06-10,85.839996,85.980003,83.750000,85.849998,74.253868,6144800
2009-06-11,86.239998,87.400002,85.059998,86.849998,75.118790,6609800
2009-06-12,86.550003,87.400002,85.370003,86.540001,74.850655,5279900
2009-06-15,85.419998,85.540001,84.519997,84.970001,73.492760,4599600
2009-06-16,84.959999,85.000000,81.260002,81.620003,70.595230,7274100
2009-06-17,80.300003,82.250000,80.099998,81.080002,70.128166,6564300
2009-06-18,81.129997,83.510002,81.070000,82.300003,71.183365,4974100
2009-06-19,82.019997,82.580002,80.019997,80.730003,69.825455,8895400
2009-06-22,79.830002,79.900002,77.889999,78.120003,67.568001,7386000
2009-06-23,78.540001,80.040001,77.449997,79.300003,68.588615,6519300
2009-06-24,79.339996,82.080002,75.339996,76.160004,65.872742,24385800
2009-06-25,75.519997,75.940002,73.550003,75.660004,65.440292,18173500
2009-06-26,75.260002,76.720001,74.849998,75.250000,65.085655,7631700
2009-06-29,75.239998,76.629997,74.900002,76.199997,65.907333,5125000
2009-06-30,74.940002,75.930000,74.190002,74.339996,64.522949,7074900
2009-07-01,75.150002,75.339996,73.099998,73.199997,63.533493,7301900
2009-07-02,72.120003,73.480003,71.769997,71.959999,62.457241,8642000
2009-07-06,71.419998,73.790001,71.209999,73.260002,63.585587,6499400
2009-07-07,73.260002,73.900002,72.400002,72.620003,63.030113,6410600
2009-07-08,73.019997,73.529999,70.820000,71.680000,62.214230,7662800
2009-07-09,72.589996,73.809998,71.849998,72.559998,62.978020,6390800
2009-07-10,71.820000,72.949997,70.080002,71.339996,61.919136,6354800
2009-07-13,71.190002,73.680000,70.599998,73.550003,63.837276,4573600
2009-07-14,73.809998,74.750000,73.279999,74.699997,64.835419,4932100
2009-07-15,75.589996,76.570000,75.250000,76.459999,66.363014,7197200
2009-07-16,77.449997,77.449997,74.900002,75.739998,65.738098,6313300
2009-07-17,75.339996,76.570000,74.680000,75.410004,65.451675,5967900
2009-07-20,76.209999,77.000000,75.500000,76.559998,66.449814,5442700
2009-07-21,79.550003,81.889999,79.349998,80.080002,69.504974,10226300
2009-07-22,79.370003,80.339996,79.139999,79.540001,69.036263,5246900
2009-07-23,79.440002,84.699997,78.839996,84.040001,72.942024,9739700
2009-07-24,83.089996,84.209999,82.220001,84.160004,73.046181,3791500
2009-07-27,84.110001,84.660004,83.260002,83.900002,72.820526,2855900
2009-07-28,83.029999,83.349998,80.959999,83.269997,72.273697,3679900
2009-07-29,82.089996,82.959999,81.629997,82.790001,71.857063,3339300
2009-07-30,83.970001,86.099998,83.610001,84.430000,73.280525,4913900
2009-07-31,84.320000,85.410004,83.900002,84.000000,72.907303,3757800
2009-08-03,86.559998,87.279999,85.559998,86.220001,74.834152,5121600
2009-08-04,85.839996,85.989998,83.120003,84.019997,72.924652,6148100
2009-08-05,83.400002,84.959999,82.860001,84.529999,73.367317,4018500
2009-08-06,85.389999,85.400002,83.230003,83.879997,72.803154,2968000
2009-08-07,84.459999,85.180000,82.110001,83.330002,72.325790,5012000
2009-08-10,83.099998,84.099998,82.480003,83.480003,72.455994,3213600
2009-08-11,83.510002,84.349998,83.150002,83.709999,72.655609,3726200
2009-08-12,82.730003,83.419998,80.690002,82.459999,71.570656,7771900
2009-08-13,83.330002,84.970001,83.000000,84.029999,72.933365,7188500
2009-08-14,83.480003,83.550003,80.300003,81.239998,70.511772,7712400
2009-08-17,79.699997,80.500000,78.529999,80.019997,69.452896,6208300
2009-08-18,80.430000,81.550003,79.790001,80.949997,70.260048,3264300
2009-08-19,79.750000,82.389999,79.570000,81.790001,70.989143,3129300
2009-08-20,81.820000,82.769997,81.510002,82.480003,71.588028,2736600
2009-08-21,83.099998,84.000000,82.750000,83.779999,72.716347,3856100
2009-08-24,84.470001,84.900002,83.290001,83.709999,72.655609,2621400
2009-08-25,84.410004,85.150002,83.529999,83.629997,72.586166,3949700
2009-08-26,83.379997,84.360001,82.669998,83.980003,72.889969,3181800
2009-08-27,83.800003,85.000000,82.500000,84.620003,73.445404,3939300
2009-08-28,83.839996,83.849998,82.099998,83.000000,72.039352,4801100
2009-08-31,81.989998,83.970001,81.750000,83.879997,72.803154,4440100
2009-09-01,83.639999,84.360001,81.250000,81.940002,71.119324,4892000
2009-09-02,82.019997,82.089996,80.910004,81.449997,70.694061,2796700
2009-09-03,82.239998,82.339996,81.000000,81.570000,70.798225,3828500
2009-09-04,81.470001,82.419998,81.209999,82.239998,71.379715,2357200
2009-09-08,82.989998,84.150002,82.629997,83.400002,72.386528,3545000
2009-09-09,83.540001,84.129997,82.419998,83.480003,72.455994,3633700
2009-09-10,77.809998,80.000000,77.709999,79.300003,68.827965,28019300
2009-09-11,79.699997,79.949997,77.750000,78.029999,67.725693,10394400
2009-09-14,77.169998,78.290001,77.120003,78.080002,67.769058,6495900
2009-09-15,78.320000,80.309998,77.500000,79.790001,69.253265,7188600
2009-09-16,80.389999,80.449997,78.809998,79.300003,68.827965,6462000
2009-09-17,79.010002,81.430000,79.010002,79.620003,69.105705,7486000
2009-09-18,79.769997,80.250000,78.970001,79.919998,69.366096,6003400
2009-09-21,78.940002,79.000000,78.019997,78.970001,68.541542,5168400
2009-09-22,79.489998,80.360001,78.599998,78.820000,68.411362,5994900
2009-09-23,78.500000,78.919998,77.320000,77.419998,67.196205,5807400
2009-09-24,77.510002,77.769997,76.040001,76.889999,66.736237,5779300
2009-09-25,76.629997,77.099998,75.849998,76.180000,66.119980,3701200
2009-09-28,76.449997,77.940002,76.099998,77.010002,66.840370,2775100
2009-09-29,76.989998,77.919998,76.699997,77.230003,67.031326,3645100
2009-09-30,77.820000,78.239998,76.779999,77.400002,67.178886,4809100
2009-10-01,76.709999,76.750000,75.029999,75.110001,65.191277,5850100
2009-10-02,73.989998,75.699997,73.989998,74.930000,65.035065,4721600
2009-10-05,74.639999,75.349998,74.000000,74.849998,64.965599,4499900
2009-10-06,76.330002,76.919998,74.330002,75.629997,65.642616,8126600
2009-10-07,75.500000,76.470001,73.849998,74.330002,64.741127,12373700
2009-10-08,75.019997,75.510002,74.459999,74.970001,65.298561,8702500
2009-10-09,74.720001,76.059998,74.190002,75.769997,65.995354,5152300
2009-10-12,76.080002,77.050003,75.669998,76.279999,66.439560,4261800
2009-10-13,76.559998,76.739998,75.650002,76.470001,66.605064,3278600
2009-10-14,77.129997,78.379997,76.629997,77.589996,67.580574,4789900
2009-10-15,77.309998,78.699997,77.309998,78.330002,68.225113,4450700
2009-10-16,78.220001,78.269997,76.769997,76.800003,66.892487,5974800
2009-10-19,77.349998,77.550003,76.769997,76.849998,66.936043,5888300
2009-10-20,76.830002,76.839996,75.050003,75.489998,65.751495,6773100
2009-10-21,75.239998,75.540001,74.279999,74.410004,64.810814,8501000
2009-10-22,74.290001,75.750000,73.790001,75.180000,65.481483,7409900
2009-10-23,75.300003,75.750000,74.470001,75.230003,65.525017,5428300
2009-10-26,75.050003,75.050003,70.309998,70.690002,61.570717,22618700
2009-10-27,70.379997,72.139999,70.000000,71.269997,62.075882,11466100
2009-10-28,71.180000,71.919998,70.480003,70.580002,61.474888,7505200
2009-10-29,71.449997,71.790001,68.360001,69.849998,60.839073,14419100
2009-10-30,69.160004,69.470001,66.570000,67.180000,58.513504,12436800
2009-11-02,67.820000,68.639999,67.040001,68.279999,59.471588,8155500
2009-11-03,68.000000,68.349998,67.500000,67.889999,59.131905,7699800
2009-11-04,68.230003,69.410004,68.070000,68.790001,59.915810,9228600
2009-11-05,69.250000,69.660004,68.699997,69.459999,60.499378,6230900
2009-11-06,68.900002,70.309998,68.769997,69.139999,60.220665,4344200
2009-11-09,69.910004,70.150002,69.169998,70.000000,60.969734,7382600
2009-11-10,69.870003,74.779999,68.599998,73.660004,64.157570,18805100
2009-11-11,74.239998,76.300003,73.309998,74.900002,65.237595,11859600
2009-11-12,74.699997,74.699997,73.320000,74.349998,64.758530,6515300
2009-11-13,74.550003,74.720001,73.019997,73.580002,64.087898,5534400
2009-11-16,74.099998,75.839996,73.820000,75.029999,65.350815,5053500
2009-11-17,74.940002,77.629997,74.610001,77.330002,67.354118,6788000
2009-11-18,78.269997,80.330002,78.150002,79.980003,69.662254,10180400
2009-11-19,79.209999,79.599998,77.769997,79.570000,69.305145,6305900
2009-11-20,79.050003,80.220001,78.389999,80.080002,69.749344,6413100
2009-11-23,80.629997,80.849998,79.180000,79.889999,69.583885,6893000
2009-11-24,79.699997,80.349998,79.180000,80.129997,69.792900,4718500
2009-11-25,80.500000,81.000000,80.129997,80.870003,70.437454,3618600
2009-11-27,79.070000,79.860001,78.599998,79.500000,69.244171,3711400
2009-11-30,80.339996,80.940002,79.500000,80.750000,70.332947,5035000
2009-12-01,81.190002,83.070000,81.180000,82.510002,71.865906,7191200
2009-12-02,82.889999,84.320000,82.529999,83.529999,72.754280,6856300
2009-12-03,83.849998,83.889999,81.110001,82.070000,71.482635,6950400
2009-12-04,83.500000,85.000000,82.129997,83.440002,72.675903,7507700
2009-12-07,83.720001,84.680000,82.889999,83.440002,72.675903,3884400
2009-12-08,82.750000,83.400002,81.930000,82.199997,71.595886,4268100
2009-12-09,82.230003,83.430000,81.809998,83.379997,72.623650,3564700
2009-12-10,83.620003,84.239998,83.000000,83.400002,72.641075,4374800
2009-12-11,83.669998,84.160004,82.510002,82.839996,72.153313,3376300
2009-12-14,83.019997,83.980003,82.620003,83.099998,72.379784,3579400
2009-12-15,82.709999,83.660004,81.480003,81.800003,71.247482,3500000
2009-12-16,82.010002,82.589996,81.650002,81.989998,71.412956,4409000
2009-12-17,81.279999,81.860001,80.120003,80.739998,70.324211,4392500
2009-12-18,81.040001,81.449997,79.959999,80.519997,70.132607,5271200
2009-12-21,81.870003,81.940002,80.440002,80.970001,70.524536,4082800
2009-12-22,80.940002,81.489998,80.699997,81.349998,70.855530,2450300
2009-12-23,81.839996,82.489998,81.099998,81.959999,71.386826,2714400
2009-12-24,82.260002,82.779999,82.089996,82.379997,71.752647,754000
2009-12-28,82.750000,83.000000,82.320000,82.620003,71.961685,1425800
2009-12-29,82.709999,82.970001,82.050003,82.320000,71.700386,1729600
2009-12-30,81.800003,82.800003,81.800003,82.610001,71.952980,1429100
2009-12-31,82.519997,82.940002,81.750000,81.750000,71.203926,1569800
2010-01-04,82.360001,83.919998,82.360001,83.430000,72.667183,3424300
2010-01-05,83.760002,85.610001,83.260002,85.269997,74.269829,5616300
2010-01-06,83.500000,86.989998,82.459999,86.269997,75.375084,13334800
2010-01-07,85.699997,86.680000,84.800003,85.959999,75.104210,5601300
2010-01-08,85.580002,86.730003,85.320000,86.650002,75.707069,4298200
2010-01-11,86.669998,87.059998,84.440002,85.010002,74.274231,4161700
2010-01-12,83.370003,83.970001,81.639999,83.309998,72.788879,6174500
2010-01-13,81.800003,84.120003,80.500000,83.949997,73.348053,6910500
2010-01-14,83.029999,84.000000,81.820000,82.790001,72.334557,6313300
2010-01-15,82.599998,83.089996,80.910004,81.160004,70.910393,5831300
2010-01-19,80.989998,82.220001,80.779999,81.750000,71.425919,4207200
2010-01-20,81.129997,82.169998,80.550003,81.419998,71.137558,3963700
2010-01-21,81.440002,82.379997,79.739998,79.820000,69.739647,5533600
2010-01-22,79.839996,79.870003,77.820000,77.889999,68.053375,5077400
2010-01-25,78.510002,79.730003,77.889999,77.900002,68.062111,5011300
2010-01-26,77.680000,78.800003,77.089996,77.879997,68.044632,3558100
2010-01-27,77.650002,78.080002,76.980003,77.809998,67.983467,5319500
2010-01-28,77.639999,78.250000,76.879997,77.339996,67.572815,4463000
2010-01-29,78.099998,78.379997,75.500000,75.879997,66.297203,4283700
2010-02-01,76.389999,77.500000,76.000000,77.309998,67.546631,3374500
2010-02-02,77.430000,77.709999,76.660004,77.279999,67.520409,3075900
2010-02-03,77.180000,78.589996,76.910004,77.540001,67.747566,3755100
2010-02-04,76.940002,77.330002,75.379997,75.480003,65.947731,4514000
2010-02-05,75.639999,77.529999,71.110001,76.739998,67.048599,8355200
2010-02-08,76.580002,76.739998,74.059998,74.209999,64.838112,6250000
2010-02-09,75.550003,77.599998,75.400002,75.720001,66.157417,6954300
2010-02-10,76.589996,76.589996,74.750000,75.570000,66.026367,4566500
2010-02-11,75.580002,76.059998,74.610001,75.760002,66.192360,5261700
2010-02-12,75.199997,76.330002,74.750000,75.820000,66.244797,3983500
2010-02-16,76.410004,77.480003,76.290001,77.290001,67.529137,3112000
2010-02-17,78.339996,78.489998,77.610001,78.099998,68.236855,4355200
2010-02-18,77.800003,78.440002,77.150002,77.830002,68.000946,2953000
2010-02-19,77.389999,78.019997,77.169998,77.750000,67.931038,3737500
2010-02-22,78.580002,78.589996,76.500000,76.790001,67.092293,3636000
2010-02-23,76.720001,77.279999,75.690002,75.900002,66.314690,3442700
2010-02-24,75.370003,76.430000,73.480003,74.040001,64.689583,8326200
2010-02-25,72.980003,73.300003,70.800003,71.180000,62.190769,15299900
2010-02-26,71.430000,71.500000,70.529999,70.650002,61.727680,12945100
2010-03-01,71.070000,71.599998,70.050003,71.239998,62.243195,9933400
2010-03-02,72.400002,73.000000,71.620003,71.769997,62.706234,9930700
2010-03-03,72.300003,74.550003,72.250000,73.250000,63.999359,8181500
2010-03-04,73.400002,74.629997,73.300003,74.150002,64.785675,7574300
2010-03-05,74.589996,74.800003,71.800003,72.500000,63.344055,11177400
2010-03-08,72.599998,73.040001,71.779999,72.019997,62.924694,7406300
2010-03-09,71.870003,72.279999,70.989998,71.279999,62.278133,8332300
2010-03-10,71.730003,71.900002,70.930000,71.110001,62.129604,6996200
2010-03-11,70.919998,72.000000,70.629997,71.610001,62.566471,6263800
2010-03-12,72.519997,72.900002,72.150002,72.349998,63.213020,6171200
2010-03-15,72.300003,72.300003,71.480003,71.830002,62.758682,4966600
2010-03-16,72.389999,72.400002,71.849998,72.080002,62.977119,6660400
2010-03-17,73.000000,73.000000,72.040001,72.260002,63.134380,8565800
2010-03-18,72.820000,72.940002,71.900002,72.029999,62.933426,7814000
2010-03-19,72.199997,72.650002,71.779999,72.199997,63.081936,6752100
2010-03-22,71.900002,72.919998,71.610001,72.669998,63.492592,4178600
2010-03-23,72.849998,72.980003,72.110001,72.959999,63.745975,6297500
2010-03-24,72.970001,73.910004,72.870003,73.110001,63.877033,6791000
2010-03-25,73.610001,73.720001,71.089996,71.250000,62.251934,6133300
2010-03-26,71.599998,71.849998,70.730003,71.099998,62.120895,7764700
2010-03-29,71.930000,71.949997,71.000000,71.059998,62.085918,6663500
2010-03-30,71.339996,71.750000,71.099998,71.410004,62.391701,4081900
2010-03-31,71.260002,71.800003,71.260002,71.419998,62.400463,5350100
2010-04-01,72.019997,72.019997,70.449997,70.830002,61.884968,6398900
2010-04-05,70.940002,71.029999,70.370003,70.440002,61.544216,7852000
2010-04-06,70.290001,70.330002,69.510002,69.800003,60.985046,9768200
2010-04-07,67.550003,71.260002,67.250000,68.089996,59.717716,33383800
2010-04-08,68.050003,69.550003,67.949997,68.860001,60.393055,13301300
2010-04-09,69.110001,69.709999,68.550003,68.849998,60.384262,5788400
2010-04-12,68.989998,69.230003,68.669998,69.000000,60.515831,5265700
2010-04-13,68.529999,68.650002,67.500000,67.750000,59.419537,8301400
2010-04-14,67.900002,67.970001,65.180000,65.730003,57.647915,18860300
2010-04-15,66.239998,66.690002,65.570000,65.629997,57.560207,13340100
2010-04-16,65.599998,65.690002,63.750000,64.730003,56.770874,17855200
2010-04-19,64.900002,66.930000,64.790001,66.750000,58.542473,14015000
2010-04-20,67.110001,67.180000,65.779999,66.879997,58.656506,8112200
2010-04-21,67.019997,67.070000,65.930000,66.370003,58.209225,6577400
2010-04-22,65.900002,66.599998,65.000000,65.559998,57.498817,7316600
2010-04-23,65.680000,65.959999,64.910004,65.660004,57.586514,5091300
2010-04-26,65.709999,65.889999,65.080002,65.099998,57.095367,4265600
2010-04-27,64.699997,64.860001,63.279999,63.380001,55.586864,7360200
2010-04-28,63.430000,63.520000,62.450001,63.139999,55.376369,7186800
2010-04-29,62.849998,63.400002,62.189999,62.250000,54.595806,8221900
2010-04-30,62.799999,63.500000,62.330002,63.060001,55.306217,7957300
2010-05-03,63.680000,63.799999,62.900002,63.369999,55.578091,5326400
2010-05-04,62.849998,62.930000,61.070000,61.470001,53.911713,9592900
2010-05-05,60.740002,61.910000,60.299999,60.980000,53.481964,7398500
2010-05-06,60.799999,61.630001,57.290001,58.869999,51.631409,12844800
2010-05-07,59.349998,60.000000,58.500000,59.090000,51.824360,13672200
2010-05-10,60.560001,61.000000,58.680000,59.160000,51.885750,7885000
2010-05-11,58.500000,58.669998,57.349998,57.520000,50.447399,8074700
2010-05-12,57.200001,57.680000,56.310001,56.830002,49.842251,12382300
2010-05-13,56.439999,56.639999,55.150002,55.540001,48.710861,16720500
2010-05-14,54.790001,54.959999,54.110001,54.610001,47.895206,18026500
2010-05-17,54.799999,55.709999,53.900002,55.480000,48.658241,12239000
2010-05-18,55.810001,55.840000,54.189999,54.259998,47.588245,10847500
2010-05-19,54.110001,56.560001,53.820000,56.340000,49.412491,16337600
2010-05-20,55.400002,55.689999,53.900002,53.980000,47.342682,12415200
2010-05-21,53.009998,55.060001,53.000000,54.950001,48.193398,10275100
2010-05-24,54.950001,55.520000,53.889999,53.930000,47.298828,6213600
2010-05-25,53.009998,54.580002,52.439999,54.560001,47.851360,9099000
2010-05-26,54.730000,54.880001,52.549999,52.660000,46.184975,8641500
2010-05-27,50.000000,50.270000,48.160000,50.270000,44.088852,49239000
2010-05-28,49.709999,51.480000,49.250000,50.869999,44.615063,18635100
2010-06-01,50.470001,50.759998,48.700001,48.770000,42.773289,14757800
2010-06-02,50.380001,50.750000,49.750000,50.369999,44.176563,11894800
2010-06-03,51.139999,51.150002,50.060001,50.509998,44.299347,6777800
2010-06-04,49.810001,50.480000,48.990002,49.020000,42.992546,7243200
2010-06-07,49.290001,50.250000,49.200001,49.520000,43.431072,8116000
2010-06-08,49.599998,50.549999,49.360001,50.410000,44.211636,7168900
2010-06-09,50.700001,50.770000,48.779999,48.930000,42.913620,12321100
2010-06-10,49.630001,50.740002,49.520000,50.660000,44.430901,7512000
2010-06-11,50.040001,51.599998,50.040001,51.230000,44.930817,5217900
2010-06-14,51.389999,51.700001,49.849998,49.990002,43.843281,5591800
2010-06-15,50.430000,51.299999,50.259998,51.279999,44.974651,6699400
2010-06-16,50.889999,51.410000,50.509998,50.730000,44.492294,5485400
2010-06-17,50.990002,50.990002,49.639999,50.279999,44.097622,5361600
2010-06-18,50.230000,50.610001,50.009998,50.389999,44.194099,5499700
2010-06-21,50.959999,51.139999,49.529999,49.959999,43.816971,6133100
2010-06-22,50.009998,50.799999,49.520000,49.580002,43.483700,4505200
2010-06-23,49.439999,49.759998,49.029999,49.459999,43.378445,3200600
2010-06-24,49.240002,49.910000,48.900002,49.009998,42.983791,5077900
2010-06-25,49.000000,49.139999,48.060001,48.270000,42.334763,6981100
2010-06-28,48.299999,48.419998,47.470001,47.799999,41.922565,4356700
2010-06-29,46.840000,47.580002,46.660000,47.340000,41.519119,9240500
2010-06-30,46.680000,47.820000,45.299999,46.220001,40.536831,13353400
2010-07-01,46.540001,47.099998,45.590000,46.049999,40.387737,11626500
2010-07-02,46.209999,46.910000,45.990002,46.540001,40.817490,6396400
2010-07-06,46.939999,47.070000,44.759998,45.119999,39.572094,9846500
2010-07-07,45.060001,47.389999,44.610001,47.320000,41.746769,9523800
2010-07-08,47.820000,48.009998,46.919998,47.720001,42.099651,8078200
2010-07-09,47.820000,51.320000,47.820000,51.209999,45.178612,13690600
2010-07-12,52.160000,52.400002,50.770000,51.200001,45.169792,7198000
2010-07-13,51.959999,52.470001,51.700001,52.169998,46.025551,6890600
2010-07-14,52.369999,54.980000,52.270000,54.549999,48.125240,12976400
2010-07-15,54.590000,56.299999,54.310001,56.029999,49.430935,11130700
2010-07-16,55.959999,57.360001,55.529999,56.200001,49.580910,12570100
2010-07-19,56.220001,56.970001,55.180000,55.790001,49.219185,6894600
2010-07-20,55.000000,57.709999,55.000000,57.610001,50.824841,7793600
2010-07-21,57.959999,58.459999,56.950001,57.570000,50.789539,8419800
2010-07-22,57.290001,58.000000,56.270000,56.660000,49.986721,8076900
2010-07-23,56.919998,58.480000,56.790001,58.369999,51.495331,5835600
2010-07-26,58.119999,58.500000,56.130001,57.320000,50.568977,6276000
2010-07-27,57.750000,58.220001,57.000000,57.360001,50.604279,3991000
2010-07-28,57.090000,58.240002,57.070000,57.599998,50.816010,4019700
2010-07-29,57.919998,58.880001,57.090000,57.910000,51.089504,5144600
2010-07-30,57.619999,58.500000,57.259998,57.840000,51.027752,4890800
2010-08-02,58.599998,59.849998,58.340000,59.599998,52.580452,6159600
2010-08-03,59.310001,59.439999,58.259998,59.000000,52.051128,4346100
2010-08-04,59.189999,59.660000,58.939999,59.419998,52.421665,4441900
2010-08-05,59.880001,62.180000,59.810001,61.279999,54.062592,9132500
2010-08-06,62.290001,62.290001,59.950001,60.599998,53.462681,8805000
2010-08-09,60.599998,60.610001,58.900002,59.560001,52.545170,5826700
2010-08-10,59.040001,59.349998,58.029999,58.820000,51.892323,6198000
2010-08-11,57.889999,57.950001,56.650002,56.770000,50.083767,6797800
2010-08-12,56.250000,57.750000,56.139999,57.180000,50.445484,6623600
2010-08-13,57.529999,58.439999,57.130001,57.290001,50.542530,4187200
2010-08-16,57.029999,58.189999,56.799999,57.700001,50.904232,3916800
2010-08-17,59.450001,60.180000,58.340000,59.160000,52.192284,7279500
2010-08-18,59.490002,59.560001,58.500000,58.970001,52.024658,5960300
2010-08-19,58.529999,58.680000,56.630001,57.169998,50.436657,6595100
2010-08-20,56.669998,58.570000,56.669998,57.730000,50.930702,7011700
2010-08-23,58.130001,58.419998,57.259998,57.320000,50.568977,4892200
2010-08-24,56.730000,57.590000,55.889999,55.930000,49.342709,5356300
2010-08-25,55.320000,56.040001,54.720001,55.860001,49.280949,4213100
2010-08-26,56.320000,56.580002,55.209999,55.299999,48.786907,3732000
2010-08-27,55.660000,56.639999,55.040001,56.560001,49.898499,4550200
2010-08-30,56.009998,56.720001,55.770000,55.900002,49.316238,3414300
2010-08-31,54.299999,54.299999,51.419998,52.650002,46.449020,17538300
2010-09-01,53.090000,54.590000,53.000000,53.990002,47.631199,6770200
2010-09-02,54.020000,54.419998,53.520000,54.349998,47.948792,3722100
2010-09-03,55.020000,55.830002,54.450001,55.790001,49.219185,4679200
2010-09-07,55.480000,56.419998,55.200001,55.340000,48.822189,3908000
2010-09-08,55.320000,56.000000,55.200001,55.599998,49.051582,2997000
2010-09-09,56.160000,56.939999,55.900002,56.639999,49.969074,4181400
2010-09-10,56.540001,57.330002,56.290001,57.230000,50.489582,3681900
2010-09-13,57.959999,59.430000,57.799999,57.849998,51.036564,6732600
2010-09-14,57.650002,58.779999,57.160000,57.990002,51.160088,5271400
2010-09-15,57.820000,58.080002,57.330002,57.459999,50.692505,3125000
2010-09-16,57.090000,57.500000,56.770000,57.270000,50.524891,3657200
2010-09-17,57.009998,57.549999,55.959999,56.230000,49.607368,6259500
2010-09-20,56.599998,56.869999,55.160000,55.540001,48.998653,7716300
2010-09-21,54.669998,54.759998,53.570000,54.340000,47.939972,8501200
2010-09-22,54.020000,54.709999,53.599998,54.220001,47.834110,6068000
2010-09-23,53.540001,54.240002,53.200001,53.730000,47.401829,3579800
2010-09-24,54.060001,55.439999,53.869999,55.380001,48.857487,5250100
2010-09-27,55.630001,55.840000,52.930000,53.070000,46.819542,7465800
2010-09-28,52.500000,52.639999,47.500000,48.750000,43.008347,37256500
2010-09-29,49.250000,49.619999,47.970001,48.000000,42.346684,20773500
2010-09-30,48.310001,48.900002,47.169998,47.930000,42.284927,15592600
2010-10-01,48.119999,48.480000,47.790001,48.259998,42.576057,6193500
2010-10-04,48.150002,48.150002,47.500000,47.770000,42.143772,7028400
2010-10-05,48.250000,48.910000,47.070000,48.799999,43.052452,9871100
2010-10-06,49.660000,51.270000,48.279999,48.650002,43.167809,19578600
2010-10-07,48.599998,48.860001,47.599998,48.830002,43.327526,6842800
2010-10-08,49.880001,52.189999,49.580002,50.869999,45.137638,15846800
2010-10-11,52.299999,53.000000,51.110001,51.230000,45.457085,9570100
2010-10-12,50.360001,52.779999,50.180000,52.250000,46.362141,11739300
2010-10-13,53.180000,54.849998,52.250000,54.689999,48.527180,14216100
2010-10-14,54.889999,55.610001,53.660000,54.119999,48.021420,6868300
2010-10-15,54.520000,56.799999,53.950001,56.779999,50.381680,12199800
2010-10-18,56.430000,56.900002,56.110001,56.779999,50.381680,8345500
2010-10-19,55.939999,57.810001,55.709999,57.299999,50.843079,10272700
2010-10-20,57.549999,58.169998,56.750000,57.799999,51.286728,4961200
2010-10-21,58.349998,58.700001,57.299999,57.900002,51.375458,4703200
2010-10-22,57.770000,58.000000,56.669998,57.150002,50.709984,3911800
2010-10-25,57.759998,60.119999,57.759998,58.709999,52.094189,10556400
2010-10-26,58.580002,59.259998,57.810001,58.980000,52.333759,3528600
2010-10-27,58.389999,60.419998,58.130001,60.250000,53.460644,9396100
2010-10-28,60.540001,60.540001,58.250000,58.689999,52.076435,5568900
2010-10-29,58.880001,60.099998,58.669998,59.419998,52.724171,6764200
2010-11-01,59.759998,60.020000,58.689999,58.910000,52.271652,3572500
2010-11-02,59.330002,59.970001,58.820000,59.110001,52.449123,3908900
2010-11-03,59.009998,59.840000,58.779999,59.540001,52.830666,3632600
2010-11-04,60.119999,63.220001,59.860001,62.820000,55.741058,9731100
2010-11-05,62.220001,62.520000,61.610001,62.270000,55.253025,5586900
2010-11-08,62.240002,63.320000,61.500000,62.299999,55.279629,5258900
2010-11-09,62.580002,64.000000,62.439999,62.770000,55.696671,6997000
2010-11-10,62.799999,63.000000,61.270000,62.619999,55.563587,5121300
2010-11-11,62.160000,63.740002,61.820000,63.660000,56.486385,5389800
2010-11-12,63.160000,63.490002,61.040001,62.150002,55.146542,6294600
2010-11-15,61.259998,62.389999,60.590000,60.790001,53.939804,5910200
2010-11-16,60.250000,60.750000,58.439999,59.330002,52.644325,6996200
2010-11-17,59.560001,60.130001,59.150002,59.250000,52.573338,4309600
2010-11-18,60.080002,60.570000,59.330002,59.630001,52.910519,4233400
2010-11-19,59.630001,59.950001,58.830002,59.450001,52.750793,4380700
2010-11-22,61.130001,62.470001,59.680000,59.900002,53.150093,8110500
2010-11-23,58.770000,59.980000,57.560001,59.310001,52.626579,7016900
2010-11-24,59.900002,60.180000,59.349998,60.139999,53.363045,4081800
2010-11-26,59.290001,59.889999,59.110001,59.529999,52.821774,914100
2010-11-29,59.209999,59.610001,58.480000,59.360001,52.670937,3955600
2010-11-30,58.759998,60.459999,58.500000,59.919998,53.167835,6039900
2010-12-01,61.310001,61.950001,60.830002,61.730000,54.773865,4848400
2010-12-02,61.669998,62.939999,61.340000,62.349998,55.324009,4895000
2010-12-03,61.549999,63.000000,61.450001,62.820000,55.741058,3950800
2010-12-06,62.529999,63.560001,62.349998,62.500000,55.457096,3782700
2010-12-07,63.009998,63.160000,61.700001,61.830002,54.862621,4458200
2010-12-08,62.080002,62.369999,60.849998,61.270000,54.365696,3701300
2010-12-09,61.490002,61.669998,60.500000,61.000000,54.126133,4668300
2010-12-10,61.080002,61.410000,60.549999,60.950001,54.081768,3277600
2010-12-13,61.759998,62.000000,60.799999,61.009998,54.134998,4872600
2010-12-14,60.790001,61.349998,60.500000,60.660000,53.824444,3891700
2010-12-15,60.430000,61.500000,60.279999,60.520000,53.700211,3681600
2010-12-16,60.549999,63.040001,59.930000,63.000000,55.900772,6840700
2010-12-17,63.259998,65.410004,63.099998,64.599998,57.320457,11360000
2010-12-20,64.519997,65.279999,64.400002,65.180000,57.835094,4324700
2010-12-21,65.500000,66.879997,65.389999,66.300003,58.828918,5566400
2010-12-22,66.370003,66.870003,66.089996,66.449997,58.961983,2996800
2010-12-23,66.300003,66.980003,66.010002,66.599998,59.095097,3860000
2010-12-27,66.139999,66.870003,66.099998,66.709999,59.192696,2173100
2010-12-28,66.639999,67.389999,66.550003,67.110001,59.547623,2737600
2010-12-29,67.519997,69.360001,67.500000,68.919998,61.153656,5491700
2010-12-30,69.099998,69.779999,68.589996,69.720001,61.863499,5967900
2010-12-31,69.470001,69.820000,69.139999,69.639999,61.792526,2330500
2011-01-03,69.989998,69.989998,68.680000,68.860001,61.100422,5137600
2011-01-04,69.529999,70.269997,68.250000,69.070000,61.286770,9434400
2011-01-05,69.139999,69.389999,68.300003,69.129997,61.589668,5866900
2011-01-06,68.650002,72.650002,68.580002,70.790001,63.068600,18944900
2011-01-07,71.110001,71.800003,70.900002,71.790001,63.959541,6466100
2011-01-10,71.279999,71.500000,70.599998,71.370003,63.585346,4786700
2011-01-11,71.919998,72.750000,71.690002,72.519997,64.609894,6010200
2011-01-12,73.230003,75.339996,73.230003,74.919998,66.748116,8569400
2011-01-13,74.680000,75.000000,73.730003,74.779999,66.623405,5368000
2011-01-14,74.790001,74.900002,73.730003,74.330002,66.222481,5242200
2011-01-18,74.269997,74.879997,73.669998,74.629997,66.489754,4645500
2011-01-19,74.379997,74.379997,70.650002,71.190002,63.424976,6966300
2011-01-20,71.160004,71.320000,68.500000,69.669998,62.070774,8864700
2011-01-21,70.330002,71.199997,69.709999,70.110001,62.462780,4555900
2011-01-24,71.260002,71.610001,70.370003,71.120003,63.362625,4501600
2011-01-25,71.059998,72.209999,70.480003,72.180000,64.306992,4262100
2011-01-26,72.279999,73.849998,72.129997,73.540001,65.518646,5391300
2011-01-27,73.849998,74.660004,72.300003,73.680000,65.643394,4547000
2011-01-28,73.559998,74.559998,71.529999,71.540001,63.736809,4168700
2011-01-31,71.389999,73.379997,71.209999,73.379997,65.376091,3636900
2011-02-01,74.430000,76.059998,74.290001,76.050003,67.754868,5388900
2011-02-02,76.360001,76.690002,74.510002,75.440002,67.211418,4155700
2011-02-03,76.000000,76.099998,73.760002,74.830002,66.667953,3219900
2011-02-04,75.120003,75.220001,73.919998,74.660004,66.516487,3640900
2011-02-07,75.050003,75.800003,75.040001,75.550003,67.309418,3994700
2011-02-08,75.279999,75.500000,74.150002,74.699997,66.552132,3728500
2011-02-09,75.279999,75.989998,74.309998,75.230003,67.024300,4265600
2011-02-10,74.279999,75.500000,73.739998,74.970001,66.792686,3871500
2011-02-11,74.489998,75.550003,74.110001,75.050003,66.863945,3813200
2011-02-14,74.870003,75.879997,74.769997,75.129997,66.935219,3929800
2011-02-15,74.790001,74.980003,70.690002,71.540001,63.736809,8511000
2011-02-16,72.230003,74.099998,72.139999,72.989998,65.028625,5566300
2011-02-17,72.620003,74.559998,72.050003,74.150002,66.062119,4460500
2011-02-18,74.449997,74.459999,72.029999,72.389999,64.494064,5191100
2011-02-22,71.089996,73.239998,71.010002,71.260002,63.487354,3999600
2011-02-23,70.669998,71.300003,69.250000,70.910004,63.175533,6046700
2011-02-24,70.669998,71.739998,69.669998,70.540001,62.845890,3921900
2011-02-25,71.199997,72.459999,70.930000,72.209999,64.333717,2824900
2011-02-28,72.410004,72.610001,71.419998,71.889999,64.048622,3630700
2011-03-01,72.220001,72.300003,69.849998,70.040001,62.400410,3684500
2011-03-02,70.000000,70.769997,69.190002,70.089996,62.444965,4157500
2011-03-03,70.349998,72.110001,70.150002,71.959999,64.111008,2775400
2011-03-04,72.139999,73.209999,71.860001,73.059998,65.090988,4080000
2011-03-07,73.389999,74.430000,70.730003,71.650002,63.834793,3806100
2011-03-08,71.830002,72.599998,71.300003,71.790001,63.959541,2437800
2011-03-09,70.900002,70.949997,69.209999,69.400002,61.830208,5614700
2011-03-10,68.879997,68.879997,66.919998,67.089996,59.772167,5736200
2011-03-11,65.860001,68.040001,65.620003,67.510002,60.146378,4094100
2011-03-14,67.089996,67.970001,66.410004,67.059998,59.745449,2640100
2011-03-15,64.879997,68.410004,64.290001,67.809998,60.413643,4758700
2011-03-16,68.349998,68.349998,65.730003,66.430000,59.184166,4354400
2011-03-17,67.440002,68.309998,66.779999,67.199997,59.870182,2751100
2011-03-18,67.900002,68.800003,67.709999,67.839996,60.440369,3918100
2011-03-21,68.959999,69.699997,68.599998,68.980003,61.456047,3706400
2011-03-22,68.910004,69.309998,68.449997,68.949997,61.429283,2767100
2011-03-23,68.739998,70.129997,68.190002,70.019997,62.382587,3065500
2011-03-24,70.400002,70.639999,69.779999,70.519997,62.828068,2285200
2011-03-25,70.809998,71.839996,70.519997,70.760002,63.041862,2731900
2011-03-28,71.040001,71.300003,70.019997,70.250000,62.587494,2900100
2011-03-29,70.360001,70.500000,69.029999,70.500000,62.810226,2836400
2011-03-30,70.900002,71.400002,70.000000,70.790001,63.068600,2454000
2011-03-31,70.650002,72.800003,70.650002,72.260002,64.378265,3933600
2011-04-01,72.500000,73.750000,72.489998,73.169998,65.188995,2852200
2011-04-04,73.629997,74.459999,73.300003,74.050003,65.973030,3512300
2011-04-05,74.129997,74.250000,72.760002,73.599998,65.572098,6376500
2011-04-06,72.919998,73.790001,68.800003,69.160004,61.851685,16591700
2011-04-07,69.459999,69.849998,67.949997,67.970001,60.787441,9375300
2011-04-08,67.919998,68.089996,66.160004,66.220001,59.222366,8716700
2011-04-11,67.220001,68.019997,66.830002,67.169998,60.071980,8188000
2011-04-12,66.599998,69.820000,66.529999,69.250000,61.932178,10657400
2011-04-13,69.459999,69.750000,67.570000,68.150002,60.948429,5237800
2011-04-14,67.620003,68.610001,67.580002,67.639999,60.492329,3543000
2011-04-15,68.080002,68.080002,67.129997,67.330002,60.215080,4307100
2011-04-18,66.589996,66.849998,65.809998,66.180000,59.186607,4668300
2011-04-19,65.849998,67.250000,65.849998,66.849998,59.785809,3793200
2011-04-20,67.550003,68.059998,67.279999,67.529999,60.393940,3628200
2011-04-21,67.760002,68.000000,67.459999,67.519997,60.384998,2387800
2011-04-25,67.290001,67.400002,65.919998,65.989998,59.016693,4229800
2011-04-26,66.120003,67.250000,65.750000,66.970001,59.893124,3700000
2011-04-27,67.099998,68.070000,66.550003,67.900002,60.724850,2977200
2011-04-28,67.720001,68.150002,67.050003,67.419998,60.295563,3112400
2011-04-29,67.669998,68.139999,67.160004,68.040001,60.850063,3559400
2011-05-02,68.250000,68.500000,66.919998,66.980003,59.902065,2685700
2011-05-03,66.760002,67.550003,66.349998,66.660004,59.615883,3621800
2011-05-04,66.660004,66.870003,64.779999,65.160004,58.274391,4905800
2011-05-05,64.769997,66.480003,64.139999,64.790001,57.943485,5398300
2011-05-06,65.430000,65.940002,64.709999,65.269997,58.372761,3288500
2011-05-09,65.269997,66.589996,65.059998,66.339996,59.329689,3046600
2011-05-10,66.650002,66.669998,65.970001,66.449997,59.428078,2957200
2011-05-11,66.139999,66.199997,64.470001,64.730003,57.889824,3142600
2011-05-12,64.400002,64.610001,63.290001,64.010002,57.245911,4656900
2011-05-13,64.040001,65.139999,63.580002,63.790001,57.049160,4577100
2011-05-16,63.700001,64.699997,63.240002,63.369999,56.673542,3444700
2011-05-17,63.099998,63.410000,62.299999,63.169998,56.494675,4251500
2011-05-18,63.200001,65.680000,63.080002,65.620003,58.685795,4924400
2011-05-19,66.029999,67.750000,66.029999,66.589996,59.553284,6837500
2011-05-20,66.389999,67.099998,65.180000,66.330002,59.320751,5353900
2011-05-23,65.180000,67.709999,65.120003,67.330002,60.215080,6628500
2011-05-24,67.459999,68.849998,67.209999,68.099998,60.903713,5266600
2011-05-25,68.080002,69.290001,67.589996,68.879997,61.601292,4199500
2011-05-26,68.599998,69.690002,68.300003,69.419998,62.084217,4946700
2011-05-27,69.589996,70.300003,69.209999,69.639999,62.280972,4173000
2011-05-31,70.180000,71.269997,70.000000,71.040001,63.533024,5370100
2011-06-01,70.870003,71.150002,69.059998,69.139999,61.833809,4216000
2011-06-02,69.250000,70.050003,68.379997,69.040001,61.744377,3430300
2011-06-03,68.000000,69.029999,67.830002,68.790001,61.520798,3542100
2011-06-06,68.650002,69.150002,67.519997,67.559998,60.420780,3475600
2011-06-07,67.930000,68.120003,66.900002,67.489998,60.358177,3969500
2011-06-08,67.339996,68.250000,67.080002,67.620003,60.474449,3276000
2011-06-09,68.129997,69.980003,68.010002,69.510002,62.164730,4822200
2011-06-10,69.169998,69.900002,68.449997,68.769997,61.502922,3595900
2011-06-13,68.800003,69.750000,68.220001,68.699997,61.440308,3038600
2011-06-14,69.400002,69.910004,68.400002,69.480003,62.137897,3567000
2011-06-15,68.769997,69.010002,67.029999,67.570000,60.429726,3589600
2011-06-16,67.559998,68.230003,65.430000,66.269997,59.267075,5428000
2011-06-17,66.830002,67.059998,65.610001,65.849998,58.891468,5115200
2011-06-20,65.989998,66.769997,65.500000,66.459999,59.437008,3769800
2011-06-21,66.949997,67.580002,66.550003,67.400002,60.277691,3371600
2011-06-22,67.230003,67.519997,66.690002,66.760002,59.705318,3135600
2011-06-23,65.750000,66.580002,64.650002,66.570000,59.535378,4145800
2011-06-24,66.720001,67.099998,65.830002,65.959999,58.989849,3020700
2011-06-27,65.620003,66.139999,64.930000,65.720001,58.775215,3583300
2011-06-28,66.089996,67.250000,66.029999,66.900002,59.830513,4609300
2011-06-29,69.660004,70.510002,69.000000,70.260002,62.835453,10163700
2011-06-30,70.410004,72.860001,69.610001,72.540001,64.874512,10068700
2011-07-01,72.470001,73.250000,72.000000,72.650002,64.972908,5504400
2011-07-05,72.349998,74.150002,72.349998,73.769997,65.974541,6122700
2011-07-06,73.650002,75.400002,73.160004,74.790001,67.141594,7832800
2011-07-07,74.989998,75.150002,74.230003,74.750000,67.105705,4118500
2011-07-08,73.690002,75.370003,73.660004,75.169998,67.482742,5528400
2011-07-11,74.830002,75.500000,73.750000,74.309998,66.710693,5305900
2011-07-12,74.190002,75.000000,73.699997,74.139999,66.558067,5127100
2011-07-13,74.080002,75.279999,74.080002,74.389999,66.782509,3945700
2011-07-14,74.370003,75.150002,74.230003,74.449997,66.836380,5632200
2011-07-15,74.540001,74.540001,73.709999,74.059998,66.486259,4679000
2011-07-18,73.870003,73.879997,72.650002,73.209999,65.723175,3497300
2011-07-19,73.410004,74.160004,73.180000,73.849998,66.297737,3381800
2011-07-20,75.160004,75.739998,74.639999,75.209999,67.518661,5411400
2011-07-21,75.430000,75.769997,74.650002,75.739998,67.994453,3082300
2011-07-22,74.940002,75.790001,74.940002,75.410004,67.698196,2621800
2011-07-25,74.209999,77.089996,73.650002,76.419998,68.604912,4175000
2011-07-26,76.400002,76.410004,74.769997,74.910004,67.249329,3459800
2011-07-27,74.300003,74.900002,73.760002,73.900002,66.342621,3594900
2011-07-28,74.059998,75.269997,73.959999,74.519997,66.899223,3334900
2011-07-29,73.480003,74.559998,72.610001,73.480003,65.965569,3924500
2011-08-01,74.370003,74.500000,71.750000,72.349998,64.951134,4106000
2011-08-02,72.110001,73.370003,71.010002,71.040001,63.775108,4396300
2011-08-03,71.129997,71.949997,69.620003,70.910004,63.658398,4464400
2011-08-04,70.110001,70.110001,65.849998,66.000000,59.250519,6643600
2011-08-05,67.010002,68.720001,65.830002,67.150002,60.282906,6573600
2011-08-08,65.290001,67.050003,63.209999,63.439999,56.952305,6270700
2011-08-09,64.180000,67.449997,63.029999,67.290001,60.408592,7291000
2011-08-10,66.800003,68.459999,65.239998,65.809998,59.079937,7647000
2011-08-11,66.580002,70.080002,66.480003,69.209999,62.132244,6684700
2011-08-12,70.160004,70.389999,68.870003,69.849998,62.706806,4490000
2011-08-15,70.419998,70.620003,68.669998,69.860001,62.715763,3575000
2011-08-16,68.919998,69.480003,68.169998,69.000000,61.943729,4496900
2011-08-17,69.650002,70.489998,69.540001,70.199997,63.021004,3889100
2011-08-18,67.839996,68.449997,65.779999,66.489998,59.690399,4949600
2011-08-19,65.669998,68.089996,65.279999,66.000000,59.250519,5115900
2011-08-22,67.349998,67.570000,65.129997,65.279999,58.604134,3820100
2011-08-23,65.550003,69.120003,65.510002,69.120003,62.051456,4531900
2011-08-24,68.739998,70.860001,68.370003,70.769997,63.532730,4717900
2011-08-25,70.940002,71.169998,69.300003,69.660004,62.536232,4368200
2011-08-26,69.099998,70.790001,67.000000,70.680000,63.451912,5160600
2011-08-29,69.250000,71.139999,67.360001,69.779999,62.643959,10884000
2011-08-30,69.129997,71.050003,69.129997,69.470001,62.365646,6342900
2011-08-31,69.800003,70.099998,68.120003,68.930000,61.880890,7360100
2011-09-01,69.029999,70.300003,68.690002,68.930000,61.880890,3816000
2011-09-02,67.709999,68.209999,65.029999,65.800003,59.070969,6683900
2011-09-06,64.160004,64.980003,62.919998,64.860001,58.227089,8222200
2011-09-07,65.860001,67.910004,65.220001,67.889999,60.947231,4759800
2011-09-08,67.559998,68.629997,67.139999,67.360001,60.471439,3489200
2011-09-09,66.419998,66.419998,64.370003,65.010002,58.361763,5094500
2011-09-12,65.699997,66.980003,64.199997,65.870003,59.133804,6529700
2011-09-13,66.250000,68.000000,66.250000,67.400002,60.507347,5902500
2011-09-14,67.559998,70.199997,67.120003,69.470001,62.365646,6388500
2011-09-15,69.989998,70.459999,69.449997,70.349998,63.155651,5369200
2011-09-16,70.669998,70.879997,69.500000,69.769997,62.634979,5219400
2011-09-19,68.709999,69.550003,68.300003,69.279999,62.195080,3393400
2011-09-20,69.349998,69.680000,67.650002,67.709999,60.785641,3412700
2011-09-21,67.589996,68.529999,65.800003,65.860001,59.124836,3957700
2011-09-22,63.669998,64.849998,62.400002,64.320000,57.742321,6991700
2011-09-23,63.759998,64.559998,62.270000,63.639999,57.131863,4837100
2011-09-26,64.070000,65.000000,62.509998,64.949997,58.307884,3911000
2011-09-27,66.209999,67.349998,65.529999,66.010002,59.259483,3860300
2011-09-28,66.070000,66.070000,62.680000,62.880001,56.449585,4342400
2011-09-29,64.120003,64.529999,61.869999,63.150002,56.691967,5372200
2011-09-30,61.730000,61.889999,59.990002,60.040001,53.900013,7675000
2011-10-03,59.270000,61.380001,58.889999,60.110001,53.962856,8529900
2011-10-04,59.150002,63.259998,59.150002,63.250000,56.781750,9100000
2011-10-05,64.519997,66.500000,63.750000,66.250000,59.758392,9752100
2011-10-06,67.500000,71.680000,67.389999,71.290001,64.304543,12635200
2011-10-07,70.440002,71.860001,69.870003,70.930000,63.979820,6842200
2011-10-10,71.470001,73.790001,71.110001,73.760002,66.532501,5213900
2011-10-11,72.010002,74.209999,71.760002,73.660004,66.442299,5856600
2011-10-12,72.690002,74.900002,72.099998,73.639999,66.424255,6966900
2011-10-13,72.970001,73.500000,71.720001,73.180000,66.009338,5225100
2011-10-14,72.930000,74.500000,72.349998,74.400002,67.109795,5277000
2011-10-17,73.709999,74.599998,72.320000,72.529999,65.423035,4067600
2011-10-18,72.449997,74.879997,71.660004,74.529999,67.227043,4039100
2011-10-19,74.279999,74.320000,72.190002,72.519997,65.414024,4787800
2011-10-20,72.150002,74.220001,71.949997,73.669998,66.451340,3518500
2011-10-21,74.339996,74.989998,73.940002,74.830002,67.497665,5207100
2011-10-24,74.510002,75.339996,74.269997,74.790001,67.461586,4489800
2011-10-25,74.239998,74.790001,72.879997,72.959999,65.810905,3294300
2011-10-26,73.709999,74.709999,72.370003,74.220001,66.947441,3574900
2011-10-27,75.500000,78.709999,74.900002,77.970001,70.329994,6544100
2011-10-28,77.699997,78.099998,76.349998,76.430000,68.940887,4153600
2011-10-31,75.500000,75.510002,72.680000,72.750000,65.621483,5265200
2011-11-01,70.919998,72.480003,70.250000,71.199997,64.223366,5382300
2011-11-02,72.690002,72.949997,71.019997,72.209999,65.134369,3260500
2011-11-03,73.230003,73.349998,71.459999,73.120003,65.955223,3073300
2011-11-04,72.400002,72.699997,70.800003,72.500000,65.395966,3467700
2011-11-07,72.750000,73.430000,71.540001,72.919998,65.774818,2748100
2011-11-08,73.290001,74.800003,73.180000,74.690002,67.371384,3930300
2011-11-09,72.470001,73.690002,71.779999,71.930000,64.881821,4497600
2011-11-10,72.489998,73.980003,71.529999,73.510002,66.306999,4429800
2011-11-11,74.680000,75.500000,74.169998,75.099998,67.741203,3339900
2011-11-14,74.779999,75.279999,73.650002,74.389999,67.100784,3039100
2011-11-15,74.209999,75.110001,73.870003,74.589996,67.281174,2443700
2011-11-16,73.930000,74.129997,72.320000,72.620003,65.504227,3767200
2011-11-17,72.610001,72.629997,69.680000,70.489998,63.582920,5459300
2011-11-18,71.190002,72.000000,70.599998,71.389999,64.394745,3453300
2011-11-21,70.000000,71.110001,69.110001,70.690002,63.763359,3564800
2011-11-22,70.769997,70.839996,69.099998,69.379997,62.581684,3290100
2011-11-23,68.879997,68.879997,67.599998,67.970001,61.309853,3528500
2011-11-25,67.599998,68.699997,67.500000,67.709999,61.075314,1108800
2011-11-28,68.599998,70.379997,68.589996,69.489998,62.680923,3660000
2011-11-29,69.940002,70.879997,69.919998,70.150002,63.276234,3223000
2011-11-30,72.559998,73.510002,71.910004,73.449997,66.252876,4258400
2011-12-01,73.559998,74.330002,72.820000,73.199997,66.027382,2395200
2011-12-02,72.790001,73.290001,69.489998,70.419998,63.519772,7142700
2011-12-05,70.809998,71.650002,69.809998,70.360001,63.465660,3849800
2011-12-06,70.519997,72.900002,70.269997,72.320000,65.233612,3876300
2011-12-07,72.029999,72.449997,70.029999,71.730003,64.701431,5903300
2011-12-08,71.540001,71.849998,69.699997,69.889999,63.041714,3575900
2011-12-09,69.989998,71.730003,69.309998,71.230003,64.250420,3390700
2011-12-12,70.830002,70.830002,68.260002,69.040001,62.275013,3809200
2011-12-13,69.550003,70.650002,67.639999,68.050003,61.382023,4287100
2011-12-14,67.790001,68.360001,67.089996,67.720001,61.084347,3268400
2011-12-15,68.230003,68.949997,67.720001,68.410004,61.706734,2953700
2011-12-16,69.000000,69.209999,67.620003,68.139999,61.463181,4122300
2011-12-19,68.629997,69.290001,67.269997,67.449997,60.840813,1927800
2011-12-20,68.550003,70.660004,68.430000,70.290001,63.402531,3435000
2011-12-21,70.339996,70.980003,69.930000,70.720001,63.790371,3154300
2011-12-22,70.610001,71.059998,70.250000,70.629997,63.709232,1951600
2011-12-23,70.660004,71.250000,70.220001,70.980003,64.024902,1485300
2011-12-27,70.690002,71.500000,70.449997,70.980003,64.024902,1161600
2011-12-28,71.120003,71.220001,69.269997,69.639999,62.816212,2072200
2011-12-29,69.400002,70.750000,69.239998,70.449997,63.546837,1726800
2011-12-30,70.300003,70.690002,70.070000,70.070000,63.204082,1482400
2012-01-03,71.620003,72.379997,71.570000,71.940002,64.890877,4196200
2012-01-04,71.529999,72.800003,71.290001,72.669998,65.823814,3934400
2012-01-05,74.260002,77.250000,74.099998,76.680000,69.456017,10378400
2012-01-06,76.870003,78.000000,76.820000,77.510002,70.207832,6384000
2012-01-09,77.489998,79.139999,77.470001,78.500000,71.104576,5532000
2012-01-10,78.970001,79.699997,78.589996,79.199997,71.738625,5319800
2012-01-11,78.989998,79.970001,78.860001,79.849998,72.327393,5448900
2012-01-12,79.370003,81.000000,79.279999,80.269997,72.707809,7638500
2012-01-13,79.760002,80.650002,79.010002,79.589996,72.091866,5233200
2012-01-17,79.970001,81.430000,79.739998,80.639999,73.042961,4540400
2012-01-18,80.440002,80.989998,80.010002,80.980003,73.350937,4672100
2012-01-19,81.019997,81.110001,79.419998,80.349998,72.780266,4014000
2012-01-20,80.260002,80.720001,79.040001,80.050003,72.508522,4183300
2012-01-23,80.120003,81.169998,79.800003,79.889999,72.363609,4365600
2012-01-24,79.010002,80.230003,78.800003,80.110001,72.562889,2482000
2012-01-25,79.529999,81.410004,79.169998,81.320000,73.658890,3117700
2012-01-26,81.260002,81.800003,80.589996,81.150002,73.504913,2936800
2012-01-27,80.919998,81.540001,79.650002,80.529999,72.943329,2990700
2012-01-30,79.709999,82.660004,79.080002,82.290001,74.537521,4790000
2012-01-31,82.419998,82.949997,81.220001,82.050003,74.320122,8484300
2012-02-01,82.690002,83.949997,81.940002,83.410004,75.552010,4254200
2012-02-02,83.620003,83.690002,81.970001,82.129997,74.392586,3084500
2012-02-03,82.769997,82.889999,82.019997,82.150002,74.410721,3157600
2012-02-06,81.330002,81.489998,78.870003,79.650002,72.146225,5884300
2012-02-07,79.529999,80.269997,79.500000,79.800003,72.282082,3042700
2012-02-08,80.040001,80.449997,78.190002,79.139999,71.684280,3193700
2012-02-09,79.239998,79.339996,77.260002,78.330002,70.950577,4325400
2012-02-10,77.459999,77.949997,76.989998,77.339996,70.053848,2574400
2012-02-13,77.959999,78.400002,77.570000,77.930000,70.588264,1750100
2012-02-14,77.910004,78.169998,76.330002,76.940002,69.691528,2512800
2012-02-15,77.040001,78.250000,76.940002,77.800003,70.470505,2405700
2012-02-16,77.419998,79.339996,77.029999,79.010002,71.566528,3101400
2012-02-17,79.360001,79.529999,78.559998,79.339996,71.865410,2308900
2012-02-21,79.900002,79.900002,78.930000,79.379997,71.901672,2261600
2012-02-22,78.930000,80.070000,78.690002,79.750000,72.236801,2672300
2012-02-23,79.110001,79.620003,77.139999,77.779999,70.452400,4946700
2012-02-24,77.800003,79.639999,77.580002,79.519997,72.028473,2669100
2012-02-27,79.040001,79.860001,78.589996,78.839996,71.412529,2574800
2012-02-28,79.050003,79.559998,78.500000,79.010002,71.566528,2509800
2012-02-29,79.269997,79.370003,77.169998,77.379997,70.090088,4039300
2012-03-01,77.820000,80.800003,77.620003,80.150002,72.599129,4581800
2012-03-02,80.290001,82.139999,79.639999,80.730003,73.124496,4071900
2012-03-05,80.449997,80.500000,78.680000,80.000000,72.463234,3713400
2012-03-06,78.830002,78.910004,77.339996,77.620003,70.307472,4155200
2012-03-07,78.489998,78.510002,77.230003,77.660004,70.343704,3144100
2012-03-08,78.459999,80.019997,78.459999,79.750000,72.236801,2605300
2012-03-09,79.809998,80.150002,78.970001,79.290001,71.820129,1783200
2012-03-12,79.449997,79.739998,78.779999,78.839996,71.412529,1506200
2012-03-13,79.529999,79.699997,78.709999,79.330002,71.856384,3298700
2012-03-14,78.879997,79.529999,78.129997,78.489998,71.095490,4225000
2012-03-15,78.589996,79.529999,78.589996,79.300003,71.829208,3105000
2012-03-16,78.779999,80.120003,78.680000,78.809998,71.385376,5279500
2012-03-19,79.010002,80.389999,78.410004,79.970001,72.436073,3371800
2012-03-20,79.900002,80.000000,78.919998,79.089996,71.638985,2914600
2012-03-21,79.110001,79.360001,78.320000,79.160004,71.702385,1862800
2012-03-22,78.260002,79.230003,78.059998,78.370003,70.986816,2138600
2012-03-23,78.360001,78.730003,77.019997,78.440002,71.050209,2420100
2012-03-26,79.080002,80.120003,78.699997,80.050003,72.508522,3949700
2012-03-27,80.279999,80.379997,79.400002,79.820000,72.300232,3146900
2012-03-28,79.750000,80.000000,78.059998,79.150002,71.693336,3043800
2012-03-29,78.379997,79.160004,77.989998,78.910004,71.475945,2456000
2012-03-30,79.559998,80.389999,79.440002,79.760002,72.245888,3070900
2012-04-02,80.099998,82.099998,80.000000,81.480003,73.803818,5359300
2012-04-03,81.320000,81.989998,80.730003,81.800003,74.367500,4492000
2012-04-04,82.480003,83.269997,79.900002,80.580002,73.258369,8725500
2012-04-05,80.489998,81.779999,78.559998,79.019997,71.840065,5258100
2012-04-09,77.510002,77.940002,76.489998,76.589996,69.630875,4307600
2012-04-10,75.839996,76.239998,74.150002,74.419998,67.658051,5286300
2012-04-11,75.610001,76.410004,74.510002,76.120003,69.203590,4971500
2012-04-12,76.059998,78.739998,76.059998,78.339996,71.221870,4706000
2012-04-13,78.230003,78.949997,76.989998,77.070000,70.067268,2364400
2012-04-16,77.510002,77.910004,76.519997,76.870003,69.885445,2673600
2012-04-17,77.300003,78.129997,76.709999,77.599998,70.549110,1926700
2012-04-18,77.019997,77.230003,76.349998,76.760002,69.785454,2558100
2012-04-19,76.830002,77.440002,76.160004,76.790001,69.812714,1811700
2012-04-20,76.949997,77.970001,76.809998,77.160004,70.149086,2116000
2012-04-23,76.400002,76.400002,75.150002,75.739998,68.858109,1934200
2012-04-24,75.750000,76.150002,74.980003,75.570000,68.703545,2251000
2012-04-25,76.489998,77.690002,76.489998,77.510002,70.467285,2570000
2012-04-26,76.730003,77.150002,76.430000,76.930000,69.939995,1790500
2012-04-27,77.290001,78.260002,77.010002,77.839996,70.767296,2763600
2012-04-30,77.580002,78.000000,75.900002,76.180000,69.258141,2849100
2012-05-01,76.070000,76.930000,75.919998,76.330002,69.394501,2215200
2012-05-02,76.139999,76.250000,75.510002,75.629997,68.758118,2458200
2012-05-03,75.779999,76.370003,75.050003,75.160004,68.330818,2837000
2012-05-04,74.669998,74.870003,73.349998,73.599998,66.912544,2853900
2012-05-07,73.379997,73.430000,72.709999,72.830002,66.212532,2485300
2012-05-08,72.639999,74.180000,72.440002,74.000000,67.276207,4824900
2012-05-09,72.889999,73.250000,71.660004,71.900002,65.367035,3956100
2012-05-10,72.800003,72.820000,71.410004,71.709999,65.194283,4092500
2012-05-11,71.260002,72.680000,71.080002,72.449997,65.867043,4819600
2012-05-14,71.660004,71.970001,70.669998,71.500000,65.003365,3172300
2012-05-15,71.580002,73.050003,71.510002,72.080002,65.530678,4391800
2012-05-16,72.239998,72.370003,71.129997,71.419998,64.930641,3948700
2012-05-17,71.559998,71.639999,70.019997,70.139999,63.766949,2970300
2012-05-18,70.349998,71.360001,69.699997,69.889999,63.539650,3207900
2012-05-21,70.150002,72.199997,70.040001,72.099998,65.548859,2367800
2012-05-22,72.050003,72.620003,70.809998,71.300003,64.821533,2997300
2012-05-23,70.430000,72.099998,69.870003,71.820000,65.294304,2100000
2012-05-24,72.519997,73.989998,72.480003,73.940002,67.221672,3743600
2012-05-25,73.779999,74.089996,73.169998,73.559998,66.876190,3277400
2012-05-29,73.750000,75.010002,73.650002,74.750000,67.958046,3447800
2012-05-30,76.110001,77.349998,75.839996,76.410004,69.467239,9273900
2012-05-31,76.889999,77.809998,75.400002,77.199997,70.185455,4661100
2012-06-01,75.349998,76.449997,75.040001,76.169998,69.249031,4157500
2012-06-04,76.050003,76.949997,74.769997,76.059998,69.149025,3936800
2012-06-05,75.580002,77.400002,75.580002,76.860001,69.876366,2421300
2012-06-06,77.599998,79.209999,77.540001,79.199997,72.003738,3402200
2012-06-07,79.849998,80.320000,78.449997,78.610001,71.467346,3527200
2012-06-08,78.570000,79.400002,77.849998,79.400002,72.185562,2140500
2012-06-11,79.800003,80.099998,78.389999,78.559998,71.421883,2232100
2012-06-12,78.750000,79.779999,78.370003,79.699997,72.458298,2464200
2012-06-13,79.080002,79.440002,77.470001,77.779999,70.712746,3207000
2012-06-14,77.790001,78.889999,77.589996,78.690002,71.540070,2565000
2012-06-15,79.169998,79.519997,78.529999,78.699997,71.549164,3156500
2012-06-18,78.879997,79.989998,78.720001,79.669998,72.431038,2103400
2012-06-19,79.699997,81.190002,79.699997,80.449997,73.140152,2776800
2012-06-20,79.739998,80.529999,79.180000,79.690002,72.449203,2810900
2012-06-21,79.739998,79.790001,77.669998,77.779999,70.712746,2309200
2012-06-22,78.120003,78.730003,77.070000,78.449997,71.321899,2036200
2012-06-25,77.860001,78.650002,77.239998,77.879997,70.803673,3501400
2012-06-26,78.300003,79.089996,76.889999,77.870003,70.794586,4261800
2012-06-27,78.849998,81.410004,78.750000,80.889999,73.540169,5741000
2012-06-28,80.300003,80.669998,79.209999,80.250000,72.958328,3980700
2012-06-29,81.500000,82.790001,81.050003,82.779999,75.258453,4148900
2012-07-02,82.980003,83.870003,82.410004,83.480003,75.894852,4556500
2012-07-03,83.330002,84.019997,83.010002,83.580002,76.259811,1911400
2012-07-05,82.010002,83.599998,82.010002,83.040001,75.767113,1919900
2012-07-06,82.160004,82.300003,81.500000,82.089996,74.900299,1669600
2012-07-09,82.120003,83.160004,81.769997,82.739998,75.493378,3225000
2012-07-10,82.959999,83.489998,81.489998,81.879997,74.708702,2459900
2012-07-11,82.800003,83.480003,81.730003,82.769997,75.520760,3888900
2012-07-12,82.300003,83.500000,81.720001,82.660004,75.420403,3197200
2012-07-13,82.610001,84.250000,82.370003,83.860001,76.515297,2708600
2012-07-16,84.019997,86.160004,83.699997,85.500000,78.011650,4842500
2012-07-17,85.839996,86.930000,85.629997,86.500000,78.924072,3460700
2012-07-18,86.410004,86.629997,85.599998,86.519997,78.942314,2989900
2012-07-19,86.459999,86.930000,86.000000,86.779999,79.179550,3259200
2012-07-20,86.379997,87.769997,86.290001,87.519997,79.854721,3432300
2012-07-23,85.970001,86.129997,84.089996,85.400002,77.920403,3943900
2012-07-24,85.519997,85.809998,84.519997,85.059998,77.610176,3265500
2012-07-25,85.750000,86.110001,84.199997,84.800003,77.372971,2019800
2012-07-26,85.900002,86.580002,85.160004,85.599998,78.102890,2560200
2012-07-27,86.120003,87.120003,86.029999,86.879997,79.270790,2532200
2012-07-30,87.040001,87.550003,85.900002,86.900002,79.289040,2847100
2012-07-31,86.750000,87.000000,85.379997,85.620003,78.121140,3539800
2012-08-01,86.279999,87.470001,86.250000,86.410004,78.841957,2689100
2012-08-02,85.980003,87.970001,85.699997,87.379997,79.726990,3580100
2012-08-03,88.160004,88.370003,86.870003,87.040001,79.416756,3139000
2012-08-06,87.599998,89.300003,87.209999,88.459999,80.712410,2871700
2012-08-07,88.349998,89.730003,88.339996,88.610001,80.849281,2385000
2012-08-08,88.629997,88.949997,87.809998,88.000000,80.292679,2262600
2012-08-09,88.480003,89.449997,88.250000,88.620003,80.858391,3628000
2012-08-10,88.300003,88.690002,86.349998,86.739998,79.143044,4904300
2012-08-13,86.389999,87.540001,86.239998,86.900002,79.289040,2939700
2012-08-14,87.360001,87.500000,85.989998,86.199997,78.650345,2385100
2012-08-15,86.199997,87.290001,86.199997,86.639999,79.051796,2984700
2012-08-16,86.870003,88.959999,86.610001,88.320000,80.584663,3211600
2012-08-17,88.650002,88.650002,87.610001,87.870003,80.174080,2537800
2012-08-20,88.099998,88.169998,86.750000,87.470001,79.809113,2077700
2012-08-21,87.599998,88.839996,87.110001,87.690002,80.009850,2555300
2012-08-22,87.500000,88.059998,86.279999,88.059998,80.347427,2887300
2012-08-23,87.529999,87.720001,85.580002,85.830002,78.312744,2599300
2012-08-24,85.550003,85.589996,84.860001,85.339996,77.865662,2491600
2012-08-27,85.680000,86.779999,85.360001,86.129997,78.586456,2383900
2012-08-28,85.800003,87.269997,85.580002,86.970001,79.352898,3202300
2012-08-29,87.199997,88.010002,86.459999,87.730003,80.046341,2438400
2012-08-30,87.379997,87.629997,86.839996,87.169998,79.535393,2258200
2012-08-31,87.610001,87.919998,86.669998,87.110001,79.480644,1876100
2012-09-04,86.940002,87.430000,86.070000,86.620003,79.033539,2236700
2012-09-05,86.370003,87.889999,86.349998,87.550003,79.882103,2309700
2012-09-06,88.099998,89.690002,87.610001,89.440002,81.606583,2950000
2012-09-07,89.500000,89.900002,88.879997,89.389999,81.560951,2371300
2012-09-10,89.650002,89.989998,89.220001,89.419998,81.588333,1901300
2012-09-11,89.410004,89.820000,88.830002,89.500000,81.661331,1985000
2012-09-12,89.400002,89.930000,87.919998,87.989998,80.283577,4281900
2012-09-13,88.059998,90.000000,88.059998,89.900002,82.026299,2615200
2012-09-14,90.040001,90.120003,88.419998,88.970001,81.177742,3406000
2012-09-17,88.570000,89.620003,87.769997,89.080002,81.278107,3091100
2012-09-18,89.080002,89.120003,88.309998,89.059998,81.259850,2084800
2012-09-19,90.510002,91.750000,90.150002,91.160004,83.175926,4830100
2012-09-20,90.790001,91.430000,89.720001,91.059998,83.084671,3540800
2012-09-21,91.599998,91.949997,90.610001,90.919998,82.956955,3713700
2012-09-24,90.580002,91.430000,90.400002,91.040001,83.066444,2500200
2012-09-25,91.400002,91.660004,90.449997,90.449997,82.528114,2936100
2012-09-26,90.269997,91.000000,89.290001,89.489998,81.652199,2512400
2012-09-27,90.730003,91.779999,90.220001,91.360001,83.358398,3311800
2012-09-28,91.209999,91.589996,90.269997,91.019997,83.048203,2885100
2012-10-01,91.709999,91.849998,90.250000,90.389999,82.473366,3291800
2012-10-02,90.190002,91.220001,89.510002,90.940002,82.975204,3960800
2012-10-03,88.910004,89.800003,87.570000,88.589996,81.165718,7142600
2012-10-04,89.059998,91.269997,88.830002,90.639999,83.043915,3880600
2012-10-05,91.050003,92.180000,90.779999,91.160004,83.520325,3458300
2012-10-08,90.750000,92.059998,90.620003,91.650002,83.969261,2330600
2012-10-09,91.440002,92.199997,90.480003,90.510002,82.924820,2918200
2012-10-10,90.680000,90.989998,88.910004,89.300003,81.816216,3501800
2012-10-11,89.769997,90.000000,88.279999,88.489998,81.074089,3169000
2012-10-12,88.610001,89.000000,88.059998,88.570000,81.147385,2074800
2012-10-15,89.029999,89.790001,88.800003,89.180000,81.706253,2507200
2012-10-16,89.370003,90.790001,89.309998,90.480003,82.897316,2108400
2012-10-17,90.220001,90.820000,88.500000,89.629997,82.118553,4484300
2012-10-18,89.510002,90.720001,88.529999,89.980003,82.439217,2407500
2012-10-19,89.370003,89.980003,88.150002,88.690002,81.257339,3736500
2012-10-22,88.349998,88.970001,87.860001,88.870003,81.422249,1784500
2012-10-23,87.779999,87.800003,86.370003,86.930000,79.644821,2670300
2012-10-24,87.379997,87.949997,86.080002,86.489998,79.241692,2080900
2012-10-25,86.959999,87.360001,85.930000,86.489998,79.241692,1731100
2012-10-26,86.489998,87.089996,86.019997,86.599998,79.342476,1745200
2012-10-31,87.379997,87.860001,85.540001,86.070000,78.856895,2248600
2012-11-01,86.110001,87.389999,86.000000,86.849998,79.571510,2149900
2012-11-02,87.559998,87.599998,85.680000,85.870003,78.673653,2019400
2012-11-05,85.940002,88.279999,85.629997,88.050003,80.670959,3431800
2012-11-06,88.139999,89.949997,87.690002,88.949997,81.495529,2638100
2012-11-07,88.220001,88.589996,86.510002,87.349998,80.029610,2303600
2012-11-08,87.160004,88.019997,86.070000,86.330002,79.095108,1357000
2012-11-09,86.019997,87.139999,86.000000,86.430000,79.186737,1437300
2012-11-12,86.760002,87.540001,85.500000,85.599998,78.426285,1140600
2012-11-13,85.290001,86.459999,84.320000,85.190002,78.050644,3085600
2012-11-14,84.989998,85.419998,83.610001,83.839996,76.813782,3058900
2012-11-15,83.779999,85.430000,82.699997,84.660004,77.565071,3786100
2012-11-16,84.980003,85.769997,84.360001,85.230003,78.087288,3101600
2012-11-19,86.559998,88.500000,86.440002,88.330002,80.927498,3505100
2012-11-20,88.250000,89.349998,88.059998,89.230003,81.752075,2787300
2012-11-21,89.180000,89.919998,88.470001,89.389999,81.898659,2094200
2012-11-23,89.500000,90.720001,89.360001,90.580002,82.988937,1133000
2012-11-26,90.459999,91.309998,89.870003,91.190002,83.547821,2638800
2012-11-27,91.330002,91.980003,90.750000,90.809998,83.199654,2564000
2012-11-28,90.040001,91.459999,89.110001,91.309998,83.657761,2393300
2012-11-29,91.830002,93.000000,91.470001,92.080002,84.363243,2449100
2012-11-30,92.099998,92.290001,91.139999,91.589996,83.914284,2254100
2012-12-03,91.980003,92.489998,89.019997,89.430000,81.935333,2894600
2012-12-04,89.029999,89.730003,88.559998,89.199997,81.724579,2739500
2012-12-05,89.320000,90.250000,88.900002,89.599998,82.091072,1995300
2012-12-06,89.629997,90.010002,88.970001,89.970001,82.430061,1757700
2012-12-07,90.379997,91.139999,90.070000,90.690002,83.089729,2267200
2012-12-10,90.690002,91.000000,90.300003,90.550003,82.961464,1576900
2012-12-11,90.559998,91.209999,90.290001,91.070000,83.437866,2149400
2012-12-12,91.180000,91.480003,89.500000,89.750000,82.228477,2676900
2012-12-13,90.010002,90.610001,89.089996,89.500000,81.999428,1993400
2012-12-14,89.150002,90.000000,88.980003,89.129997,81.660431,1819000
2012-12-17,89.639999,90.760002,89.449997,90.669998,83.071388,1979500
2012-12-18,90.949997,92.730003,90.720001,92.099998,84.381561,2947300
2012-12-19,92.000000,92.500000,91.669998,91.680000,83.996750,2039600
2012-12-20,91.550003,92.570000,90.949997,92.540001,84.784691,2500700
2012-12-21,91.709999,92.860001,91.690002,92.550003,84.793839,3700000
2012-12-24,90.940002,93.139999,90.900002,92.800003,85.022896,1053100
2012-12-26,93.000000,94.430000,92.699997,94.099998,86.213936,2255500
2012-12-27,94.209999,94.379997,92.750000,93.989998,86.113182,2806800
2012-12-28,93.379997,94.089996,93.000000,93.080002,85.279434,1512900
2012-12-31,92.949997,94.760002,92.769997,94.650002,86.717850,2326800
2013-01-02,95.550003,96.379997,95.230003,96.150002,88.442551,3168900
2013-01-03,96.070000,96.709999,95.040001,95.339996,87.697495,2262400
2013-01-04,95.559998,96.690002,95.180000,96.110001,88.405762,2164300
2013-01-07,95.650002,96.110001,95.000000,95.940002,88.249382,2307000
2013-01-08,99.339996,99.989998,98.040001,98.500000,90.604164,7415400
2013-01-09,97.970001,99.879997,97.739998,99.580002,91.597588,4865000
2013-01-10,100.050003,100.059998,98.570000,99.470001,91.496407,3632200
2013-01-11,99.529999,100.620003,99.000000,100.080002,92.057518,3067500
2013-01-14,100.370003,100.989998,99.989998,100.589996,92.526627,2867300
2013-01-15,100.129997,101.680000,99.980003,101.440002,93.308502,2812400
2013-01-16,101.389999,102.290001,101.389999,101.900002,93.731628,3188500
2013-01-17,102.290001,102.290001,101.279999,101.320000,93.198112,2715600
2013-01-18,101.570000,102.470001,101.070000,102.470001,94.255943,2765300
2013-01-22,102.050003,102.839996,101.870003,102.410004,94.200745,2501100
2013-01-23,102.029999,103.500000,101.989998,103.080002,94.817039,2388600
2013-01-24,102.989998,104.190002,102.720001,103.620003,95.313766,2818400
2013-01-25,103.959999,104.089996,103.000000,103.449997,95.157387,2203400
2013-01-28,103.699997,103.699997,102.559998,102.849998,94.605469,2228600
2013-01-29,102.739998,103.339996,102.139999,102.900002,94.651466,2059900
2013-01-30,102.699997,103.610001,102.449997,102.730003,94.495087,1716800
2013-01-31,101.489998,102.980003,101.000000,101.349998,93.225708,2593100
2013-02-01,102.320000,103.239998,101.910004,102.269997,94.071960,2000600
2013-02-04,101.540001,101.849998,100.830002,101.339996,93.216499,2352100
2013-02-05,101.959999,102.489998,101.769997,102.019997,93.842010,1674800
2013-02-06,101.400002,102.040001,101.230003,101.709999,93.556862,2078900
2013-02-07,101.300003,101.500000,99.519997,100.570000,92.508224,2818400
2013-02-08,100.800003,101.570000,100.099998,101.150002,93.041763,3069600
2013-02-11,101.809998,102.260002,100.889999,102.120003,93.933990,2161600
2013-02-12,101.820000,102.019997,101.000000,101.769997,93.612053,1533100
2013-02-13,102.000000,102.860001,101.889999,102.809998,94.568680,1764600
2013-02-14,102.209999,102.290001,101.449997,102.000000,93.823624,1994700
2013-02-15,101.510002,103.519997,101.500000,103.510002,95.212578,3076200
2013-02-19,102.449997,103.220001,101.809998,101.889999,93.722435,2854100
2013-02-20,102.070000,102.209999,98.150002,98.660004,90.751343,6323600
2013-02-21,98.500000,99.720001,97.900002,98.709999,90.797348,3414300
2013-02-22,98.949997,99.989998,98.230003,99.980003,91.965515,2620600
2013-02-25,100.190002,100.529999,98.010002,98.089996,90.227036,2560900
2013-02-26,98.599998,99.480003,98.080002,99.199997,91.248047,2190500
2013-02-27,99.199997,100.720001,99.040001,100.400002,92.351875,2549500
2013-02-28,100.610001,101.589996,100.180000,101.029999,92.931358,2167500
2013-03-01,100.500000,102.000000,99.989998,101.660004,93.510864,1933500
2013-03-04,101.410004,101.660004,100.430000,101.620003,93.474075,1839300
2013-03-05,102.000000,103.489998,101.989998,102.769997,94.531898,2076200
2013-03-06,103.190002,103.400002,101.580002,102.290001,94.090363,1888500
2013-03-07,102.349998,103.379997,102.349998,102.910004,94.660690,1456200
2013-03-08,103.000000,103.489998,102.389999,103.349998,95.065399,1648200
2013-03-11,103.129997,104.300003,102.730003,104.220001,95.865662,1592100
2013-03-12,103.790001,103.919998,103.080002,103.379997,95.092987,1859100
2013-03-13,103.589996,104.589996,103.300003,103.639999,95.332146,1774300
2013-03-14,103.699997,104.290001,103.699997,104.099998,95.755272,1601300
2013-03-15,103.639999,104.959999,103.480003,104.239998,95.884048,3365900
2013-03-18,103.410004,103.540001,102.419998,102.639999,94.412308,1565600
2013-03-19,102.660004,103.000000,101.080002,102.300003,94.099571,1998600
2013-03-20,102.949997,103.610001,102.690002,103.120003,94.853851,1805000
2013-03-21,102.919998,102.919998,100.989998,101.050003,92.949753,1967700
2013-03-22,101.419998,101.669998,100.940002,101.320000,93.198112,1699800
2013-03-25,101.279999,101.470001,98.919998,99.400002,91.432022,2892700
2013-03-26,100.510002,103.959999,100.239998,103.790001,95.470123,3816000
2013-03-27,103.070000,105.790001,102.900002,105.120003,96.693520,4315600
2013-03-28,105.300003,105.820000,104.510002,105.629997,97.162628,2774400
2013-04-01,105.500000,106.610001,105.309998,105.790001,97.309807,2584500
2013-04-02,106.000000,106.269997,103.220001,104.000000,95.663292,3457800
2013-04-03,105.629997,106.440002,103.540001,104.510002,96.480301,5296600
2013-04-04,104.860001,107.239998,104.370003,105.739998,97.615791,3273200
2013-04-05,104.599998,105.250000,104.370003,105.099998,97.024963,4174900
2013-04-08,104.980003,105.580002,104.760002,105.199997,97.117294,2758500
2013-04-09,105.349998,106.300003,104.980003,105.260002,97.172661,2198200
2013-04-10,105.050003,105.879997,105.000000,105.650002,97.532707,1708100
2013-04-11,105.669998,107.180000,105.320000,107.099998,98.871307,2834900
2013-04-12,106.989998,107.250000,104.699997,105.449997,97.348061,2347500
2013-04-15,104.790001,104.790001,102.750000,103.099998,95.178650,4143600
2013-04-16,104.209999,105.489998,103.809998,105.360001,97.264992,2405000
2013-04-17,104.480003,104.690002,103.650002,103.790001,95.815605,2948000
2013-04-18,104.029999,104.089996,101.529999,102.120003,94.273933,2710100
2013-04-19,102.570000,103.720001,102.419998,103.220001,95.289413,2144400
2013-04-22,103.370003,103.830002,102.480003,103.449997,95.501747,1740100
2013-04-23,103.620003,104.000000,102.070000,103.750000,95.778694,2169100
2013-04-24,104.160004,104.919998,103.510002,104.169998,96.166412,1680300
2013-04-25,104.730003,106.470001,104.500000,105.930000,97.791199,2671800
2013-04-26,105.750000,106.290001,104.570000,104.680000,96.637230,1409000
2013-04-29,105.070000,106.680000,104.779999,106.500000,98.317390,1741100
2013-04-30,106.500000,106.989998,105.610001,106.820000,98.612816,2088700
2013-05-01,106.540001,106.669998,104.629997,104.699997,96.655685,1874800
2013-05-02,104.879997,106.209999,104.180000,106.110001,97.957375,1873100
2013-05-03,106.839996,107.730003,106.279999,107.279999,99.037460,1751900
2013-05-06,107.169998,107.699997,106.620003,107.190002,98.954376,1261700
2013-05-07,107.169998,108.059998,106.610001,107.860001,99.572891,1554500
2013-05-08,107.690002,108.320000,106.820000,108.290001,99.969872,2552200
2013-05-09,108.349998,108.629997,107.120003,107.459999,99.203636,1570400
2013-05-10,107.599998,108.339996,107.419998,108.120003,99.812950,1506200
2013-05-13,107.769997,108.010002,106.680000,106.830002,98.622055,1980500
2013-05-14,107.059998,107.970001,106.410004,107.650002,99.379028,2712600
2013-05-15,107.599998,109.330002,107.459999,109.220001,100.828400,1852000
2013-05-16,108.760002,109.000000,107.559998,107.669998,99.397499,1578800
2013-05-17,108.040001,109.120003,107.849998,108.379997,100.052963,3008400
2013-05-20,108.430000,108.779999,108.040001,108.309998,99.988312,2088900
2013-05-21,108.410004,108.410004,106.529999,106.589996,98.400475,2568100
2013-05-22,106.470001,106.529999,103.500000,104.040001,96.046402,3522400
2013-05-23,103.379997,105.870003,103.309998,104.989998,96.923416,2808300
2013-05-24,104.500000,105.040001,103.839996,104.830002,96.775719,1815300
2013-05-28,105.360001,105.809998,104.610001,105.550003,97.440392,3362800
2013-05-29,105.570000,105.860001,103.339996,105.419998,97.320374,3026300
2013-05-30,104.680000,105.519997,104.639999,104.970001,96.904938,1838300
2013-05-31,104.510002,104.529999,100.639999,100.639999,92.907623,5337100
2013-06-03,100.419998,102.169998,100.059998,102.080002,94.236992,4084700
2013-06-04,102.320000,102.629997,101.070000,102.110001,94.264694,3296000
2013-06-05,101.650002,101.750000,98.430000,98.910004,91.310562,4176700
2013-06-06,99.129997,99.940002,97.050003,98.720001,91.135147,3468000
2013-06-07,99.820000,101.949997,99.529999,101.650002,93.840042,4094900
2013-06-10,105.000000,106.769997,104.610001,106.250000,98.086601,5636600
2013-06-11,104.910004,105.199997,103.559998,104.510002,96.480301,3405700
2013-06-12,105.120003,105.760002,103.419998,103.459999,95.510971,2244900
2013-06-13,103.389999,105.449997,102.589996,105.440002,97.338852,2802600
2013-06-14,105.889999,106.470001,105.129997,105.629997,97.514236,2259900
2013-06-17,106.680000,106.800003,104.129997,104.820000,96.766464,2592100
2013-06-18,105.000000,105.809998,104.150002,105.629997,97.514236,1574600
2013-06-19,105.620003,106.330002,105.129997,105.889999,97.754265,3002500
2013-06-20,104.849998,105.410004,103.199997,103.449997,95.501747,3054400
2013-06-21,104.400002,104.500000,102.320000,103.190002,95.261719,3985900
2013-06-24,101.570000,102.599998,100.489998,101.699997,93.886177,2250500
2013-06-25,102.720001,103.000000,101.239998,101.400002,93.609245,2701100
2013-06-26,101.650002,102.269997,99.230003,100.839996,93.092278,4091200
2013-06-27,101.169998,101.169998,98.589996,98.750000,91.162842,3252600
2013-06-28,98.540001,99.410004,97.889999,98.800003,91.209007,3947000
2013-07-01,99.199997,99.610001,96.750000,96.970001,89.519608,4309700
2013-07-02,96.529999,98.489998,96.500000,98.419998,91.210938,4620600
2013-07-03,97.540001,98.379997,97.250000,97.889999,90.719780,1357000
2013-07-05,98.500000,99.040001,98.230003,98.709999,91.479683,1841700
2013-07-08,98.879997,99.360001,98.680000,99.190002,91.924522,2846400
2013-07-09,99.870003,101.690002,99.620003,101.400002,93.972656,4047100
2013-07-10,101.260002,102.089996,100.900002,101.489998,94.056053,2428000
2013-07-11,102.589996,103.540001,102.279999,103.339996,95.770546,2058100
2013-07-12,103.169998,103.440002,102.190002,102.949997,95.409126,2336800
2013-07-15,103.209999,103.709999,102.360001,103.269997,95.705673,2401800
2013-07-16,103.370003,103.500000,101.400002,101.580002,94.139481,2732300
2013-07-17,102.000000,103.440002,101.760002,102.940002,95.399849,2393800
2013-07-18,103.029999,103.309998,102.309998,103.029999,95.483246,1751300
2013-07-19,103.000000,104.180000,102.639999,104.160004,96.530487,2145900
2013-07-22,104.000000,104.470001,103.800003,103.930000,96.317329,1490500
2013-07-23,104.139999,104.800003,103.500000,103.900002,96.289528,1703300
2013-07-24,102.639999,102.849998,101.580002,101.739998,94.287727,3156500
2013-07-25,100.389999,101.919998,100.000000,100.709999,93.333199,3288300
2013-07-26,100.599998,100.860001,99.959999,100.510002,93.147858,3669000
2013-07-29,100.279999,101.870003,100.059998,101.559998,94.120934,3589600
2013-07-30,100.250000,100.849998,99.760002,100.430000,93.073692,4206100
2013-07-31,100.940002,100.980003,98.750000,98.779999,91.544563,3420400
2013-08-01,99.529999,100.190002,97.320000,97.370003,90.237839,4249000
2013-08-02,97.500000,98.099998,97.190002,97.459999,90.321259,3381200
2013-08-05,97.680000,97.720001,96.900002,97.250000,90.126648,2549100
2013-08-06,96.620003,96.790001,94.709999,95.019997,88.059967,5935100
2013-08-07,95.080002,95.519997,94.870003,95.000000,88.041428,4198000
2013-08-08,95.510002,97.809998,95.250000,97.339996,90.210045,3654300
2013-08-09,97.120003,97.879997,95.739998,96.250000,89.199867,2682600
2013-08-12,95.610001,96.070000,94.559998,95.680000,88.671631,2955100
2013-08-13,96.300003,97.669998,96.029999,97.099998,89.987610,2568200
2013-08-14,97.209999,97.860001,96.889999,97.019997,89.913467,2195500
2013-08-15,96.150002,98.169998,95.989998,98.050003,90.868019,3599900
2013-08-16,97.550003,97.559998,94.900002,94.989998,88.032173,3248400
2013-08-19,95.070000,96.199997,94.919998,95.279999,88.300919,2387000
2013-08-20,95.339996,96.169998,94.769997,95.879997,88.856972,2119400
2013-08-21,95.559998,96.370003,94.680000,94.809998,87.865349,2363600
2013-08-22,95.250000,96.500000,94.000000,96.250000,89.199867,2490500
2013-08-23,96.760002,96.809998,95.750000,96.220001,89.172050,2419300
2013-08-26,97.070000,99.650002,97.070000,97.650002,90.497353,3260400
2013-08-27,98.029999,98.089996,97.300003,97.510002,90.367584,2906200
2013-08-28,97.550003,97.910004,96.650002,97.120003,90.006165,1951500
2013-08-29,97.019997,98.250000,96.279999,97.250000,90.126648,2398400
2013-08-30,97.250000,98.500000,97.239998,97.889999,90.719780,2178000
2013-09-03,99.089996,100.339996,99.050003,99.180000,91.915253,4555900
2013-09-04,99.129997,100.959999,98.839996,100.900002,93.509262,3226000
2013-09-05,100.800003,101.550003,100.120003,101.489998,94.056053,3630800
2013-09-06,101.839996,102.120003,99.889999,99.889999,92.573242,2443100
2013-09-09,100.870003,102.019997,100.519997,102.010002,94.537964,2367000
2013-09-10,102.500000,102.970001,101.919998,102.730003,95.205223,2841400
2013-09-11,103.000000,103.190002,102.139999,102.940002,95.399849,2252800
2013-09-12,102.690002,103.059998,102.430000,102.980003,95.436935,1837900
2013-09-13,103.110001,105.000000,102.589996,104.180000,96.549019,3006300
2013-09-16,105.250000,105.739998,104.629997,105.699997,97.957695,3239300
2013-09-17,105.620003,105.620003,104.129997,104.430000,96.780708,2167700
2013-09-18,104.480003,107.589996,104.290001,107.279999,99.421944,3207400
2013-09-19,107.230003,107.730003,106.500000,106.870003,99.041977,1654100
2013-09-20,107.129997,107.379997,105.839996,106.050003,98.282059,2675300
2013-09-23,105.610001,106.430000,105.500000,105.599998,97.864998,1637600
2013-09-24,105.860001,106.400002,105.320000,105.410004,97.688919,1548200
2013-09-25,105.239998,106.000000,105.029999,105.290001,97.577721,1854300
2013-09-26,105.739998,106.180000,105.050003,106.139999,98.365448,1766500
2013-09-27,105.739998,106.459999,105.449997,105.610001,97.874290,1892100
2013-09-30,104.589996,105.199997,104.040001,104.370003,96.725113,2439600
2013-10-01,104.250000,105.480003,103.000000,105.480003,97.753799,2553400
2013-10-02,102.660004,104.699997,101.779999,104.040001,96.813950,5527600
2013-10-03,103.470001,105.489998,103.449997,105.269997,97.958519,4502700
2013-10-04,105.199997,106.180000,104.620003,105.629997,98.293518,3079100
2013-10-07,104.820000,106.190002,104.650002,104.669998,97.400192,2069200
2013-10-08,104.459999,104.620003,103.120003,103.209999,96.041595,3519800
2013-10-09,103.620003,104.570000,103.230003,103.550003,96.357986,3453000
2013-10-10,104.500000,105.470001,104.199997,105.180000,97.874779,2767300
2013-10-11,104.739998,106.620003,104.690002,106.580002,99.177521,3353600
2013-10-14,105.970001,107.089996,105.849998,106.709999,99.298500,1762100
2013-10-15,106.019997,106.120003,104.779999,104.910004,97.623528,1735200
2013-10-16,105.410004,106.370003,104.750000,105.339996,98.023666,2323100
2013-10-17,105.120003,106.160004,105.099998,105.599998,98.265594,2888800
2013-10-18,105.809998,106.320000,105.269997,105.739998,98.395882,3859000
2013-10-21,105.800003,106.070000,105.320000,106.050003,98.684341,2827000
2013-10-22,106.389999,107.949997,105.809998,107.480003,100.015022,2468400
2013-10-23,107.459999,108.129997,106.720001,107.620003,100.145309,2048200
2013-10-24,107.360001,107.680000,106.110001,107.309998,99.856827,1843300
2013-10-25,107.150002,108.099998,106.570000,108.000000,100.498924,2279600
2013-10-28,108.160004,108.809998,107.769997,108.199997,100.685005,1579400
2013-10-29,107.970001,108.300003,106.470001,106.620003,99.214745,2107600
2013-10-30,106.599998,107.000000,105.139999,105.949997,98.591286,2496800
2013-10-31,105.949997,106.610001,104.879997,104.879997,97.595596,2290700
2013-11-01,105.040001,105.389999,104.330002,105.150002,97.846848,2302800
2013-11-04,105.320000,105.370003,103.489998,103.639999,96.441711,3533400
2013-11-05,103.500000,103.750000,102.879997,103.220001,96.050903,3627200
2013-11-06,103.480003,104.330002,103.070000,104.269997,97.027985,3064300
2013-11-07,104.620003,105.110001,103.919998,104.000000,96.776726,3767500
2013-11-08,104.010002,107.400002,103.760002,107.220001,99.773094,4429600
2013-11-11,107.379997,107.540001,106.419998,106.500000,99.103104,2397800
2013-11-12,106.019997,108.930000,106.019997,108.510002,100.973473,4219400
2013-11-13,107.839996,109.989998,107.720001,109.989998,102.350685,3437600
2013-11-14,109.849998,110.870003,109.419998,110.459999,102.788040,2709900
2013-11-15,110.230003,111.309998,110.220001,111.059998,103.346367,3136500
2013-11-18,111.059998,111.580002,110.419998,110.750000,103.057907,2715200
2013-11-19,110.400002,110.699997,109.580002,110.440002,102.769440,2290800
2013-11-20,109.980003,110.919998,109.000000,109.900002,102.266945,3097500
2013-11-21,110.629997,112.010002,109.919998,111.910004,104.137337,3003200
2013-11-22,111.800003,114.080002,111.500000,113.860001,105.951904,3589900
2013-11-25,113.540001,114.250000,113.129997,113.419998,105.542458,2431700
2013-11-26,113.500000,113.940002,112.440002,113.910004,105.998428,2575000
2013-11-27,113.830002,114.320000,113.309998,113.889999,105.979813,1325100
2013-11-29,114.239998,114.500000,113.089996,113.330002,105.458702,843400
2013-12-02,113.730003,114.559998,113.150002,113.290001,105.421494,1977800
2013-12-03,112.800003,112.900002,111.110001,111.580002,103.830254,2124000
2013-12-04,111.650002,112.849998,110.910004,112.099998,104.314148,1745000
2013-12-05,111.970001,112.000000,110.430000,110.970001,103.262619,2367300
2013-12-06,112.010002,112.620003,110.709999,111.750000,103.988441,1483400
2013-12-09,111.750000,112.070000,111.440002,111.650002,103.895409,1538000
2013-12-10,111.269997,112.540001,110.760002,111.750000,103.988441,1974600
2013-12-11,110.900002,112.440002,110.440002,110.669998,102.983467,2182900
2013-12-12,110.389999,111.309998,110.040001,110.260002,102.601921,1983900
2013-12-13,111.230003,111.449997,110.080002,110.660004,102.974152,2114400
2013-12-16,110.949997,111.989998,110.830002,110.959999,103.253342,1725000
2013-12-17,111.040001,112.430000,111.040001,112.400002,104.593300,2434900
2013-12-18,112.769997,113.809998,111.339996,113.779999,105.877457,2588200
2013-12-19,113.470001,114.089996,113.050003,113.809998,105.905373,1859900
2013-12-20,114.199997,114.830002,113.230003,113.730003,105.830925,4114500
2013-12-23,114.199997,114.790001,113.610001,114.559998,106.603264,1496200
2013-12-24,114.519997,114.949997,114.110001,114.930000,106.947586,615000
2013-12-26,114.760002,115.699997,113.550003,115.309998,107.301193,1112700
2013-12-27,115.279999,115.709999,115.099998,115.389999,107.375626,885600
2013-12-30,115.650002,116.480003,115.169998,115.800003,107.757172,1041600
2013-12-31,115.860001,116.800003,115.550003,116.550003,108.455063,1344500
2014-01-02,116.120003,117.500000,115.970001,116.309998,108.231735,2677100
2014-01-03,115.980003,116.800003,115.029999,116.349998,108.268967,1698900
2014-01-06,116.820000,117.430000,115.370003,115.680000,107.645485,2210800
2014-01-07,115.050003,115.050003,112.779999,113.239998,105.374969,5645600
2014-01-08,114.139999,116.809998,113.610001,115.230003,107.635468,5640800
2014-01-09,115.080002,115.300003,111.019997,111.889999,104.515594,4279300
2014-01-10,112.419998,113.419998,111.760002,113.059998,105.608482,3301600
2014-01-13,112.610001,113.190002,111.290001,111.400002,104.057907,2076100
2014-01-14,111.839996,112.919998,111.459999,112.589996,105.169464,2418800
2014-01-15,112.660004,113.720001,112.559998,113.000000,105.552444,2459700
2014-01-16,112.779999,112.980003,112.370003,112.680000,105.253525,1396900
2014-01-17,112.910004,113.110001,112.070000,113.110001,105.655197,2161600
2014-01-21,113.480003,114.370003,113.070000,113.500000,106.019485,2997500
2014-01-22,113.290001,113.459999,110.180000,110.809998,103.506767,3090300
2014-01-23,110.099998,110.169998,107.610001,108.830002,101.657272,3670600
2014-01-24,107.720001,109.089996,107.599998,107.940002,100.825920,3646100
2014-01-27,107.839996,108.709999,107.580002,107.580002,100.489647,2612600
2014-01-28,107.889999,108.500000,107.440002,108.019997,100.900665,2292100
2014-01-29,108.550003,108.550003,106.309998,106.980003,99.929207,3472500
2014-01-30,107.300003,107.580002,106.059998,107.250000,100.181404,3050800
2014-01-31,106.290001,107.029999,105.720001,106.550003,99.527534,3093000
2014-02-03,106.680000,107.349998,104.080002,104.629997,97.734093,3599000
2014-02-04,105.000000,106.839996,104.860001,106.650002,99.620941,2853300
2014-02-05,106.279999,107.459999,104.629997,107.150002,100.087990,3108500
2014-02-06,107.110001,108.379997,106.879997,108.279999,101.143524,2013200
2014-02-07,108.180000,110.839996,108.059998,110.750000,103.450737,3005700
2014-02-10,110.550003,111.750000,110.050003,111.330002,103.992508,3416700
2014-02-11,111.410004,111.949997,110.639999,111.269997,103.936455,3322500
2014-02-12,110.879997,111.190002,109.339996,109.419998,102.208374,3061000
2014-02-13,109.260002,110.919998,108.760002,109.879997,102.638069,2749800
2014-02-14,109.739998,110.250000,109.279999,109.489998,102.273781,3070800
2014-02-18,108.360001,110.199997,108.360001,110.010002,102.759491,2212700
2014-02-19,110.620003,110.620003,109.199997,109.199997,102.002876,3611100
2014-02-20,109.599998,110.820000,109.169998,110.699997,103.404015,3039300
2014-02-21,110.559998,112.949997,110.529999,112.449997,105.038689,3389600
2014-02-24,112.110001,112.330002,108.879997,108.970001,101.788048,4251500
2014-02-25,109.089996,109.800003,108.570000,108.709999,101.545174,2360700
2014-02-26,109.050003,109.250000,107.959999,109.010002,101.825401,2568700
2014-02-27,108.750000,109.629997,108.540001,108.879997,101.703972,2676200
2014-02-28,108.989998,110.680000,108.570000,110.019997,102.768845,3173200
2014-03-03,109.330002,112.000000,109.239998,111.129997,103.805687,3063000
2014-03-04,111.870003,113.519997,111.139999,113.239998,105.776619,3070500
2014-03-05,112.790001,113.349998,112.230003,112.910004,105.468376,3343300
2014-03-06,113.440002,113.989998,113.070000,113.739998,106.243675,1685300
2014-03-07,113.860001,114.620003,113.349998,114.080002,106.561256,2597400
2014-03-10,113.610001,114.000000,112.769997,113.599998,106.112892,1925600
2014-03-11,113.220001,113.410004,111.849998,111.849998,104.478241,2433200
2014-03-12,111.660004,112.800003,110.099998,112.610001,105.188141,3567300
2014-03-13,112.989998,114.050003,111.699997,111.949997,104.571655,3003200
2014-03-14,113.050003,113.660004,112.019997,113.209999,105.748596,2477500
2014-03-17,113.650002,114.809998,113.589996,113.910004,106.402473,1910900
2014-03-18,114.000000,114.470001,113.830002,114.320000,106.785446,1598000
2014-03-19,114.110001,114.290001,112.099998,112.870003,105.431015,1681600
2014-03-20,113.000000,114.050003,112.430000,114.000000,106.486526,1912600
2014-03-21,114.830002,115.000000,112.839996,113.279999,105.813988,4464800
2014-03-24,113.760002,114.250000,112.730003,112.739998,105.309586,2473100
2014-03-25,113.089996,114.160004,112.849998,113.160004,105.701881,2972700
2014-03-26,113.500000,114.300003,111.690002,111.720001,104.356804,2155100
2014-03-27,111.720001,112.250000,110.699997,110.800003,103.497437,2032100
2014-03-28,110.940002,112.559998,110.570000,112.320000,104.917259,1380200
2014-03-31,113.070000,113.930000,111.779999,113.769997,106.271690,1819500
2014-04-01,113.820000,114.480003,112.699997,113.989998,106.477188,3193500
2014-04-02,113.959999,116.000000,111.629997,114.419998,107.283554,5178100
2014-04-03,116.779999,117.470001,116.000000,117.040001,109.740135,5158100
2014-04-04,117.000000,117.400002,113.860001,114.279999,107.152275,4230300
2014-04-07,114.050003,114.639999,112.029999,112.300003,105.295776,3328700
2014-04-08,112.459999,113.360001,111.690002,112.900002,105.858345,3457000
2014-04-09,112.830002,115.110001,112.830002,115.080002,107.902397,2799900
2014-04-10,114.820000,114.949997,112.339996,112.540001,105.520805,2768000
2014-04-11,112.239998,112.699997,110.830002,110.900002,103.983070,3720000
2014-04-14,111.650002,111.860001,109.730003,110.290001,103.411140,3893900
2014-04-15,110.320000,111.080002,109.379997,110.629997,103.729927,3730700
2014-04-16,111.230003,113.190002,110.849998,112.519997,105.502052,4247900
2014-04-17,112.260002,113.129997,112.019997,112.949997,105.905235,2872600
2014-04-21,112.730003,113.059998,112.260002,112.730003,105.698959,2494600
2014-04-22,112.529999,112.870003,111.910004,111.940002,104.958214,2537200
2014-04-23,111.839996,112.410004,111.839996,112.129997,105.136383,2405100
2014-04-24,112.160004,112.870003,110.589996,110.599998,103.701805,2829500
2014-04-25,110.570000,111.120003,109.400002,109.669998,102.829803,3039100
2014-04-28,109.849998,110.650002,109.470001,110.269997,103.392387,2406600
2014-04-29,110.570000,111.570000,110.260002,110.459999,103.570534,2162300
2014-04-30,110.360001,110.959999,110.099998,110.699997,103.795578,2149900
2014-05-01,110.419998,110.699997,109.669998,110.239998,103.364265,2552200
2014-05-02,111.089996,112.290001,110.269997,112.199997,105.202003,3069600
2014-05-05,111.370003,115.000000,111.370003,114.849998,107.686729,4237500
2014-05-06,114.680000,114.769997,113.440002,114.000000,106.889748,2553400
2014-05-07,114.500000,116.059998,113.980003,115.940002,108.708755,2716600
2014-05-08,115.510002,116.730003,115.440002,115.820000,108.596222,2448000
2014-05-09,115.930000,116.120003,114.989998,115.660004,108.446220,1746100
2014-05-12,116.180000,116.849998,115.809998,115.970001,108.736877,2683800
2014-05-13,116.000000,117.269997,115.489998,116.910004,109.618248,1942000
2014-05-14,116.830002,117.400002,116.279999,117.000000,109.702637,2018100
2014-05-15,116.510002,117.000000,115.010002,115.400002,108.202438,2239700
2014-05-16,115.250000,116.250000,115.209999,116.040001,108.802521,2155500
2014-05-19,115.809998,116.650002,115.809998,116.190002,108.943161,1710800
2014-05-20,116.239998,116.709999,115.500000,115.900002,108.671234,2059400
2014-05-21,116.190002,116.949997,115.570000,116.800003,109.515106,2238900
2014-05-22,116.540001,119.529999,116.480003,119.300003,111.859200,4576200
2014-05-23,119.599998,120.250000,119.410004,119.919998,112.440506,2169500
2014-05-27,120.000000,120.500000,119.739998,120.190002,112.693672,2032000
2014-05-28,120.250000,121.750000,120.199997,120.279999,112.778061,2268700
2014-05-29,120.790001,121.599998,120.519997,121.570000,113.987579,1510100
2014-05-30,121.230003,122.000000,121.000000,121.849998,114.250145,2535100
2014-06-02,121.949997,122.809998,121.790001,122.389999,114.756462,2425300
2014-06-03,121.309998,122.309998,120.449997,121.199997,113.640671,3025600
2014-06-04,121.199997,121.739998,120.830002,121.300003,113.734436,1431800
2014-06-05,121.510002,122.500000,120.519997,121.959999,114.353271,2130200
2014-06-06,122.000000,122.010002,121.279999,121.720001,114.128235,2013400
2014-06-09,121.470001,122.330002,121.099998,121.349998,113.781319,2368400
2014-06-10,121.000000,121.650002,120.459999,121.349998,113.781319,1757300
2014-06-11,121.019997,121.730003,120.580002,120.750000,113.218758,2053800
2014-06-12,120.870003,121.910004,120.589996,120.910004,113.368774,2547700
2014-06-13,120.930000,121.089996,119.260002,119.669998,112.206100,2001900
2014-06-16,119.669998,119.800003,118.480003,119.620003,112.159233,2412300
2014-06-17,119.440002,120.070000,118.919998,120.000000,112.515518,1837200
2014-06-18,120.010002,121.459999,119.779999,121.360001,113.790710,1936100
2014-06-19,121.839996,122.029999,120.919998,121.769997,114.175117,1724700
2014-06-20,121.980003,122.540001,121.500000,122.080002,114.465782,2498300
2014-06-23,122.139999,123.989998,121.379997,122.099998,114.484550,3512200
2014-06-24,122.150002,122.779999,120.599998,120.629997,113.106216,2435100
2014-06-25,126.129997,128.789993,126.000000,126.730003,118.825775,12036700
2014-06-26,127.000000,127.860001,125.500000,126.180000,118.310081,4947300
2014-06-27,125.300003,125.980003,124.860001,125.000000,117.203667,3915300
2014-06-30,124.360001,125.029999,124.029999,124.739998,116.959885,3937500
2014-07-01,124.500000,125.070000,124.000000,124.300003,116.950478,3946500
2014-07-02,124.680000,127.480003,124.680000,126.529999,119.048630,8821500
2014-07-03,126.550003,126.849998,125.820000,126.519997,119.039223,1410800
2014-07-07,126.029999,126.629997,125.099998,125.250000,117.844315,3145600
2014-07-08,125.000000,125.279999,124.129997,124.559998,117.195107,2579900
2014-07-09,124.610001,124.949997,123.230003,123.470001,116.169548,3158200
2014-07-10,122.599998,123.050003,121.959999,122.559998,115.313354,3931600
2014-07-11,122.430000,122.559998,120.599998,120.900002,113.751503,3390700
2014-07-14,121.169998,121.540001,119.809998,120.000000,112.904732,3887200
2014-07-15,120.349998,121.169998,119.699997,119.980003,112.885918,5930700
2014-07-16,121.019997,121.290001,119.889999,120.180000,113.074081,4350700
2014-07-17,119.760002,120.610001,119.360001,119.589996,112.518951,3561000
2014-07-18,120.000000,120.599998,119.769997,119.980003,112.885918,3112500
2014-07-21,119.389999,119.830002,118.830002,118.959999,111.926208,2863800
2014-07-22,119.239998,120.010002,118.669998,118.769997,111.747444,3554300
2014-07-23,118.339996,118.790001,116.160004,116.269997,109.395271,7301200
2014-07-24,116.389999,116.500000,115.699997,116.190002,109.319992,5658700
2014-07-25,116.050003,116.870003,115.639999,115.790001,108.943657,3905700
2014-07-28,115.790001,116.209999,114.709999,114.970001,108.172134,4170800
2014-07-29,115.000000,115.589996,113.930000,114.410004,107.645248,3613600
2014-07-30,114.940002,115.589996,114.300003,114.389999,107.626427,4331000
2014-07-31,113.790001,114.580002,113.089996,113.089996,106.403297,3704800
2014-08-01,112.169998,113.980003,112.129997,113.589996,106.873726,4206600
2014-08-04,113.769997,115.150002,112.870003,114.910004,108.115685,4540000
2014-08-05,114.220001,115.389999,114.089996,115.000000,108.200356,5163800
2014-08-06,114.709999,116.169998,114.709999,116.050003,109.188286,4304000
2014-08-07,116.370003,116.709999,114.930000,115.150002,108.341484,3455700
2014-08-08,115.339996,115.830002,114.599998,115.470001,108.642570,2998900
2014-08-11,115.449997,116.419998,115.160004,115.419998,108.595528,3208000
2014-08-12,115.349998,115.959999,114.690002,115.709999,108.868385,2663100
2014-08-13,115.739998,117.000000,115.309998,116.870003,109.959801,2537800
2014-08-14,116.809998,117.440002,116.769997,117.059998,110.138557,3038000
2014-08-15,117.339996,119.169998,117.050003,118.989998,111.954437,4948200
2014-08-18,120.029999,120.099998,119.239998,119.430000,112.368423,4502300
2014-08-19,119.419998,120.139999,119.239998,119.830002,112.744789,2370900
2014-08-20,119.910004,121.000000,119.650002,120.919998,113.770317,3678800
2014-08-21,121.230003,121.230003,117.519997,117.650002,110.693665,6808900
2014-08-22,117.860001,118.129997,116.519997,116.620003,109.724579,3464900
2014-08-25,117.120003,117.610001,116.449997,117.510002,110.561958,2840000
2014-08-26,117.849998,117.910004,117.000000,117.120003,110.195015,2850600
2014-08-27,117.169998,117.610001,115.599998,115.970001,109.113022,4576400
2014-08-28,115.720001,115.930000,114.919998,115.760002,108.915428,3624300
2014-08-29,116.029999,116.540001,115.449997,115.650002,108.811920,3068700
2014-09-02,115.900002,115.919998,114.599998,114.940002,108.143921,3291900
2014-09-03,115.440002,115.930000,115.180000,115.300003,108.482620,2227500
2014-09-04,114.930000,115.349998,113.250000,113.629997,106.911362,4015600
2014-09-05,113.570000,114.430000,113.040001,114.260002,107.504120,2794900
2014-09-08,114.260002,114.809998,114.010002,114.669998,107.889877,2602200
2014-09-09,114.120003,114.900002,114.050003,114.440002,107.673477,1898100
2014-09-10,113.739998,113.849998,111.029999,113.010002,106.328018,8916200
2014-09-11,112.820000,114.239998,112.800003,113.620003,106.901962,3354000
2014-09-12,113.419998,113.800003,112.629997,113.050003,106.365669,2648200
2014-09-15,113.129997,113.730003,112.570000,113.139999,106.450340,2895300
2014-09-16,113.269997,113.980003,112.760002,113.919998,107.184219,4128200
2014-09-17,114.029999,114.500000,113.279999,113.690002,106.967812,4144600
2014-09-18,114.919998,115.519997,114.279999,115.489998,108.661385,6020000
2014-09-19,116.010002,116.330002,114.739998,115.110001,108.303848,4658600
2014-09-22,114.680000,115.750000,114.650002,115.250000,108.435585,3348800
2014-09-23,115.220001,115.730003,114.540001,114.570000,107.795792,2814100
2014-09-24,114.860001,115.510002,114.860001,115.349998,108.529663,3899600
2014-09-25,115.000000,115.000000,113.129997,113.239998,106.544441,3668800
2014-09-26,112.949997,113.389999,112.309998,113.070000,106.384483,4361800
2014-09-29,112.599998,113.580002,112.120003,112.930000,106.252754,3297800
2014-09-30,112.779999,113.260002,112.339996,112.510002,105.857590,3433100
2014-10-01,111.790001,112.000000,110.430000,110.779999,104.229874,4383600
2014-10-02,110.540001,111.019997,109.360001,110.190002,103.674759,5342400
2014-10-03,110.879997,110.879997,109.570000,109.809998,103.317223,4085500
2014-10-06,110.010002,110.970001,109.889999,110.459999,103.928795,5163000
2014-10-07,110.269997,110.449997,108.019997,108.230003,101.830658,7140000
2014-10-08,106.820000,110.070000,105.760002,109.730003,103.711510,7862800
2014-10-09,108.470001,110.330002,107.570000,107.690002,101.783394,6603500
2014-10-10,107.449997,108.639999,106.720001,106.720001,100.866600,4371800
2014-10-13,106.820000,107.730003,105.879997,105.910004,100.101021,4198500
2014-10-14,106.209999,108.750000,106.209999,107.870003,101.953522,5293900
2014-10-15,106.900002,109.419998,106.059998,108.830002,102.860878,8264500
2014-10-16,107.290001,111.099998,107.199997,110.660004,104.590500,7165800
2014-10-17,111.589996,111.760002,110.320000,111.279999,105.176476,4555800
2014-10-20,111.339996,112.809998,111.050003,112.629997,106.452438,3970900
2014-10-21,113.000000,113.849998,112.279999,113.550003,107.321976,2875000
2014-10-22,114.269997,114.849998,113.480003,113.480003,107.255836,4189100
2014-10-23,114.870003,114.870003,112.559998,112.809998,106.622566,5224900
2014-10-24,112.680000,113.550003,112.410004,113.279999,107.066795,3097200
2014-10-27,112.599998,113.139999,112.129997,112.820000,106.632019,4863500
2014-10-28,113.279999,114.000000,112.949997,113.480003,107.255836,2318500
2014-10-29,113.519997,114.199997,111.680000,112.180000,106.027122,7056800
2014-10-30,111.849998,115.470001,111.849998,113.690002,107.454308,3772600
2014-10-31,114.580002,115.279999,114.169998,115.040001,108.730270,4209400
2014-11-03,115.260002,115.570000,113.430000,113.930000,107.681145,3425100
2014-11-04,113.489998,114.169998,112.849998,113.389999,107.170761,3323100
2014-11-05,113.849998,114.260002,113.250000,113.820000,107.577171,3492300
2014-11-06,114.250000,114.769997,113.889999,114.510002,108.229340,3123900
2014-11-07,114.839996,115.430000,113.769997,114.440002,108.163170,10836100
2014-11-10,114.550003,117.129997,114.500000,116.889999,110.478783,5251300
2014-11-11,116.699997,118.360001,116.699997,118.309998,111.820915,5254700
2014-11-12,118.250000,119.489998,117.790001,118.989998,112.463608,4365300
2014-11-13,118.739998,120.029999,118.690002,119.470001,112.917282,3819000
2014-11-14,119.099998,119.690002,118.650002,118.970001,112.444702,2829500
2014-11-17,118.660004,119.190002,118.220001,118.379997,111.887070,3065100
2014-11-18,118.720001,119.800003,118.500000,119.330002,112.784966,2721500
2014-11-19,119.139999,119.779999,118.830002,119.559998,113.002342,2739000
2014-11-20,119.279999,120.029999,119.000000,119.519997,112.964546,2100700
2014-11-21,120.809998,121.150002,120.180000,120.809998,114.183784,2803200
2014-11-24,120.800003,120.800003,120.230003,120.529999,113.919144,2963600
2014-11-25,120.089996,121.019997,119.449997,119.470001,112.917282,2251900
2014-11-26,119.550003,120.989998,119.260002,120.860001,114.231041,3433900
2014-11-28,120.550003,120.989998,119.639999,119.910004,113.333153,1401600
2014-12-01,119.599998,120.139999,118.339996,118.849998,112.331299,3256200
2014-12-02,116.879997,119.309998,116.879997,118.820000,112.302940,2936900
2014-12-03,118.739998,120.910004,118.540001,120.860001,114.231041,2734700
2014-12-04,120.480003,121.290001,120.040001,121.089996,114.448433,2032700
2014-12-05,121.300003,121.559998,120.720001,120.860001,114.231041,1681100
2014-12-08,120.750000,120.750000,119.610001,120.019997,113.437119,2571900
2014-12-09,119.419998,120.690002,119.239998,120.300003,113.701759,1723800
2014-12-10,120.610001,120.830002,118.980003,119.349998,112.803856,2385400
2014-12-11,119.449997,121.209999,119.410004,120.070000,113.484367,2803600
2014-12-12,119.169998,119.470001,117.930000,117.940002,111.471214,3530700
2014-12-15,118.830002,119.230003,117.040001,117.790001,111.329430,3020100
2014-12-16,116.760002,118.449997,116.199997,116.599998,110.204697,3658600
2014-12-17,116.839996,119.000000,116.839996,118.400002,111.905968,2696800
2014-12-18,120.000000,120.110001,118.209999,119.589996,113.030701,3641900
2014-12-19,119.889999,122.290001,119.889999,121.120003,114.476791,7934000
2014-12-22,121.550003,122.320000,121.480003,122.040001,115.346321,3286200
2014-12-23,121.629997,122.949997,121.550003,122.669998,115.941757,2773200
2014-12-24,122.000000,122.070000,120.970001,120.970001,114.335014,1420300
2014-12-26,121.080002,121.769997,120.570000,121.440002,114.779243,1783700
2014-12-29,121.070000,121.849998,120.970001,121.449997,114.788681,2433800
2014-12-30,121.169998,121.629997,120.459999,121.110001,114.467323,2166500
2014-12-31,121.199997,121.419998,119.400002,119.470001,112.917282,2217100
2015-01-02,119.529999,120.370003,118.650002,119.739998,113.172470,2785400
2015-01-05,118.839996,119.320000,116.699997,117.309998,110.875755,3178500
2015-01-06,117.500000,118.099998,115.919998,116.250000,109.873886,4650900
2015-01-07,116.269997,118.879997,115.160004,117.209999,111.250168,4921900
2015-01-08,119.010002,119.589996,118.160004,119.190002,113.129494,3843700
2015-01-09,119.540001,120.220001,118.970001,119.040001,112.987114,3734900
2015-01-12,119.000000,119.769997,117.949997,119.559998,113.480682,3742800
2015-01-13,120.000000,120.849998,117.300003,117.860001,111.867111,4127000
2015-01-14,116.519997,118.330002,116.320000,117.510002,111.534920,3288100
2015-01-15,118.250000,119.160004,117.260002,117.320000,111.354576,2548200
2015-01-16,117.330002,117.830002,116.300003,117.589996,111.610855,3245600
2015-01-20,118.760002,118.760002,116.790001,117.570000,111.591850,2389100
2015-01-21,117.660004,118.980003,117.190002,118.279999,112.265755,1910500
2015-01-22,118.680000,120.180000,118.339996,120.000000,113.898308,2718900
2015-01-23,119.510002,119.980003,118.389999,118.449997,112.427109,1757700
2015-01-26,118.059998,119.150002,118.059998,119.110001,113.053551,1799300
2015-01-27,118.269997,119.459999,118.059998,118.620003,112.588478,2095800
2015-01-28,118.970001,119.050003,117.120003,117.349998,111.383041,2326100
2015-01-29,117.349998,118.970001,117.260002,118.489998,112.465073,2875900
2015-01-30,118.000000,119.239998,117.620003,117.980003,111.981010,3723700
2015-02-02,118.550003,119.110001,117.260002,118.879997,112.835243,2543200
2015-02-03,119.570000,120.669998,119.400002,120.349998,114.230507,2819100
2015-02-04,119.910004,120.150002,118.739998,119.059998,113.006096,2418000
2015-02-05,119.889999,121.470001,119.690002,120.860001,114.714592,2363200
2015-02-06,120.930000,120.930000,119.959999,120.220001,114.107124,1968000
2015-02-09,119.879997,121.510002,119.500000,121.250000,115.084747,2387200
2015-02-10,122.080002,122.120003,120.580002,121.470001,115.293549,1632000
2015-02-11,121.570000,123.029999,121.570000,122.480003,116.252197,2581800
2015-02-12,123.129997,123.199997,122.000000,122.769997,116.527443,2749800
2015-02-13,122.809998,125.150002,122.809998,124.769997,118.425758,2762600
2015-02-17,124.629997,125.309998,123.910004,124.660004,118.321358,1759100
2015-02-18,123.949997,124.809998,123.550003,124.559998,118.226440,2036700
2015-02-19,124.339996,125.750000,123.940002,125.459999,119.080673,3665100
2015-02-20,125.029999,125.110001,124.000000,124.910004,118.558632,2797100
2015-02-23,124.260002,124.800003,124.180000,124.559998,118.226440,1586500
2015-02-24,124.449997,125.339996,123.790001,124.940002,118.587112,1880600
2015-02-25,125.250000,126.000000,124.160004,124.230003,117.913231,1950600
2015-02-26,123.820000,124.099998,119.900002,119.970001,113.869835,5004900
2015-02-27,119.889999,121.269997,119.570000,120.430000,114.306435,5177800
2015-03-02,120.430000,121.370003,119.830002,121.300003,115.132195,1955600
2015-03-03,121.089996,121.639999,119.809998,120.199997,114.088135,2329300
2015-03-04,119.589996,120.050003,118.779999,119.860001,113.765419,2931500
2015-03-05,120.000000,120.000000,118.750000,119.269997,113.205414,2968800
2015-03-06,118.500000,119.250000,117.690002,118.169998,112.161346,3007700
2015-03-09,118.139999,119.220001,118.000000,118.379997,112.360672,2110600
2015-03-10,117.330002,117.570000,116.419998,117.040001,111.088814,2856900
2015-03-11,116.930000,117.870003,116.870003,116.910004,110.965416,2824900
2015-03-12,117.389999,118.839996,116.980003,118.440002,112.417625,2239800
2015-03-13,117.650002,117.879997,115.820000,116.870003,110.927460,2997800
2015-03-16,117.169998,118.120003,117.139999,117.910004,111.914574,2809600
2015-03-17,117.059998,117.589996,116.480003,116.839996,110.898972,2548100
2015-03-18,116.440002,117.830002,115.510002,117.160004,111.202705,3618800
2015-03-19,116.169998,116.769997,115.199997,115.379997,109.513206,3112000
2015-03-20,115.809998,117.139999,115.550003,115.750000,109.864395,5198700
2015-03-23,114.040001,115.260002,111.930000,113.489998,107.719307,8085700
2015-03-24,113.279999,114.559998,112.959999,113.580002,107.804726,4527100
2015-03-25,113.730003,114.220001,112.419998,112.430000,106.713226,3307100
2015-03-26,112.610001,112.610001,111.160004,112.250000,106.542366,3584700
2015-03-27,112.510002,113.220001,112.040001,112.730003,106.997963,2479200
2015-03-30,112.949997,113.809998,112.220001,113.379997,107.614906,3890200
2015-03-31,112.750000,113.430000,112.239998,112.540001,107.281265,3231000
2015-04-01,114.660004,117.129997,113.620003,116.959999,111.494720,7331500
2015-04-02,116.720001,116.879997,115.320000,116.300003,110.865570,4169600
2015-04-06,115.779999,117.769997,115.699997,117.089996,111.618645,3193500
2015-04-07,117.400002,118.250000,117.150002,117.849998,112.343155,2681500
2015-04-08,117.989998,118.430000,116.889999,117.139999,111.666313,2885200
2015-04-09,117.400002,119.510002,116.900002,119.320000,113.744446,3229900
2015-04-10,119.500000,120.199997,118.809998,120.139999,114.526138,3904800
2015-04-13,120.529999,120.680000,119.470001,119.489998,113.906517,2659500
2015-04-14,119.260002,119.440002,118.519997,119.080002,113.515678,1945500
2015-04-15,119.339996,119.930000,119.070000,119.360001,113.782578,1668500
2015-04-16,119.070000,119.339996,118.379997,118.930000,113.372688,2098800
2015-04-17,118.370003,118.639999,116.400002,116.699997,111.246872,2449300
2015-04-20,116.970001,117.589996,116.720001,117.370003,111.885582,2027300
2015-04-21,117.300003,117.730003,116.610001,117.279999,111.799767,1627100
2015-04-22,116.680000,117.279999,116.129997,116.870003,111.408936,2031000
2015-04-23,116.800003,117.739998,116.419998,117.489998,111.999969,1996900
2015-04-24,117.480003,119.010002,117.440002,118.459999,112.924652,1820500
2015-04-27,118.459999,118.860001,117.629997,117.699997,112.200157,1892000
2015-04-28,116.849998,116.930000,114.949997,115.000000,109.626312,3486300
2015-04-29,114.519997,115.449997,114.349998,115.000000,109.626312,2947100
2015-04-30,114.900002,114.970001,113.610001,113.959999,108.634918,2240200
2015-05-01,117.879997,118.660004,115.839996,118.440002,112.905579,8026400
2015-05-04,116.669998,117.849998,115.879997,115.919998,110.503334,3428300
2015-05-05,115.959999,117.139999,115.940002,116.650002,111.199226,2340800
2015-05-06,116.639999,117.250000,116.019997,116.300003,110.865570,1968700
2015-05-07,116.080002,119.309998,115.339996,119.129997,113.563332,3676900
2015-05-08,120.120003,123.820000,118.360001,120.790001,115.145767,8032700
2015-05-11,120.540001,120.940002,117.650002,118.000000,112.486137,4877200
2015-05-12,116.839996,117.830002,115.930000,116.059998,110.636780,3829200
2015-05-13,116.470001,118.559998,115.949997,118.250000,112.724457,3596200
2015-05-14,118.680000,120.959999,118.589996,120.720001,115.079025,3764800
2015-05-15,120.320000,120.900002,119.870003,120.820000,115.174362,3189000
2015-05-18,120.910004,120.989998,120.220001,120.320000,114.697723,2925100
2015-05-19,120.019997,120.650002,119.309998,119.910004,114.306892,2009700
2015-05-20,119.980003,119.980003,118.440002,118.769997,113.220161,2910200
2015-05-21,118.830002,120.129997,118.599998,120.000000,114.392685,1921000
2015-05-22,120.139999,121.089996,119.769997,120.290001,114.669144,2663100
2015-05-26,119.599998,119.620003,117.900002,117.930000,112.419403,2325800
2015-05-27,118.190002,119.320000,118.029999,118.559998,113.019958,1856000
2015-05-28,118.180000,120.000000,118.180000,118.599998,113.058098,2548700
2015-05-29,119.050003,119.089996,116.750000,116.980003,111.513802,4198600
2015-06-01,117.370003,117.470001,115.919998,116.610001,111.161087,2563800
2015-06-02,116.529999,117.029999,115.620003,116.580002,111.132484,1926700
2015-06-03,116.900002,117.110001,115.500000,115.750000,110.341270,2968700
2015-06-04,114.230003,115.110001,113.320000,113.580002,108.272675,4157800
2015-06-05,113.790001,114.430000,113.190002,113.800003,108.482391,2736900
2015-06-08,114.010002,114.769997,113.510002,113.919998,108.596786,2927300
2015-06-09,113.559998,114.440002,112.940002,113.540001,108.234543,2940400
2015-06-10,114.080002,115.129997,113.570000,114.489998,109.140152,2045900
2015-06-11,115.059998,115.449997,114.209999,115.080002,109.702583,1561700
2015-06-12,114.910004,115.099998,113.870003,114.120003,108.787430,2871200
2015-06-15,113.070000,113.430000,112.339996,112.489998,107.233597,2185900
2015-06-16,112.510002,113.180000,112.370003,112.849998,107.576775,1328900
2015-06-17,113.290001,113.669998,112.220001,113.139999,107.853233,1635500
2015-06-18,112.919998,114.639999,112.919998,114.449997,109.102020,2300800
2015-06-19,113.989998,114.230003,112.570000,112.629997,107.367058,4163600
2015-06-22,113.110001,114.669998,113.019997,114.339996,108.997154,2681100
2015-06-23,114.139999,114.699997,112.639999,112.779999,107.510056,3647400
2015-06-24,112.199997,112.199997,106.199997,106.320000,101.351921,11295700
2015-06-25,106.820000,108.339996,105.959999,107.300003,102.286125,4915200
2015-06-26,107.300003,108.199997,105.070000,105.209999,100.293785,4853700
2015-06-29,104.150002,105.459999,103.139999,103.279999,98.453964,3381700
2015-06-30,104.959999,107.419998,103.430000,106.589996,102.093674,7543200
2015-07-01,106.800003,107.820000,106.699997,107.660004,103.118546,5199300
2015-07-02,107.910004,108.480003,107.150002,108.349998,103.779427,3962800
2015-07-06,107.650002,108.040001,107.010002,107.699997,103.156837,3858800
2015-07-07,107.449997,108.029999,106.699997,107.800003,103.252632,4413200
2015-07-08,107.209999,108.269997,105.580002,105.980003,101.509407,2697000
2015-07-09,107.029999,107.370003,106.120003,106.510002,102.017052,3437500
2015-07-10,108.000000,109.050003,107.000000,108.809998,104.220032,3325200
2015-07-13,109.589996,109.589996,108.379997,108.680000,104.095505,2671200
2015-07-14,108.529999,108.680000,107.529999,107.800003,103.252632,2608500
2015-07-15,108.430000,108.690002,106.940002,107.320000,102.792877,2746600
2015-07-16,107.699997,108.320000,107.290001,107.820000,103.271782,1826900
2015-07-17,107.790001,107.949997,106.930000,107.080002,102.563004,2819300
2015-07-20,106.930000,107.239998,106.279999,107.000000,102.486374,2049700
2015-07-21,107.089996,107.440002,106.110001,106.370003,101.882957,2336400
2015-07-22,106.290001,106.650002,105.000000,105.349998,100.905975,2350600
2015-07-23,105.230003,105.330002,103.870003,104.050003,99.660820,2187800
2015-07-24,103.889999,104.050003,102.480003,102.860001,98.521019,2945200
2015-07-27,102.629997,102.639999,101.209999,101.459999,97.180077,3382800
2015-07-28,101.650002,101.779999,99.980003,101.620003,97.333328,4864700
2015-07-29,101.690002,102.650002,101.370003,102.000000,97.697296,2275600
2015-07-30,102.160004,103.209999,101.959999,103.019997,98.674263,1944800
2015-07-31,103.330002,103.629997,101.730003,101.889999,97.591934,2180900
2015-08-03,101.690002,102.800003,101.669998,102.279999,97.965485,3058000
2015-08-04,102.010002,103.610001,101.809998,102.379997,98.061264,2020000
2015-08-05,103.180000,103.680000,102.379997,102.760002,98.425232,1885000
2015-08-06,102.360001,102.779999,101.879997,102.180000,97.869698,1566400
2015-08-07,102.070000,102.320000,100.980003,101.250000,96.978928,1682600
2015-08-10,101.830002,103.449997,101.650002,103.190002,98.837105,1747100
2015-08-11,102.599998,102.650002,101.730003,102.529999,98.204941,2141600
2015-08-12,101.790001,103.269997,100.959999,103.250000,98.894562,2818500
2015-08-13,103.169998,103.839996,102.570000,103.320000,98.961617,1962200
2015-08-14,102.910004,103.550003,102.849998,103.169998,98.817940,2791300
2015-08-17,103.099998,103.820000,102.820000,103.449997,99.086121,1959900
2015-08-18,103.339996,103.489998,102.699997,102.809998,98.473114,1783600
2015-08-19,102.370003,103.330002,101.559998,102.349998,98.032532,3535900
2015-08-20,101.930000,102.089996,100.099998,100.150002,95.925331,3353500
2015-08-21,99.900002,100.000000,97.349998,97.470001,93.358383,4578100
2015-08-24,92.580002,94.320000,91.220001,93.550003,89.603745,7905300
2015-08-25,96.739998,96.739998,89.339996,89.419998,85.647957,6729200
2015-08-26,91.309998,97.639999,89.699997,97.080002,92.984840,12499700
2015-08-27,98.500000,99.480003,97.120003,98.400002,94.249138,7450400
2015-08-28,98.550003,98.580002,97.669998,98.379997,94.229996,4888500
2015-08-31,98.080002,98.349998,97.250000,97.650002,93.530800,4238700
2015-09-01,95.220001,96.889999,94.919998,95.800003,91.758827,4961800
2015-09-02,96.739998,97.239998,95.489998,97.209999,93.109352,2530600
2015-09-03,97.379997,97.620003,96.769997,96.970001,92.879471,2619900
2015-09-04,95.599998,96.540001,95.099998,95.750000,91.710938,2252900
2015-09-08,95.820000,96.290001,94.500000,95.250000,91.232040,4066400
2015-09-09,94.480003,95.680000,92.550003,93.239998,89.306816,6054400
2015-09-10,93.070000,94.300003,93.000000,93.760002,89.804893,3255700
2015-09-11,92.830002,93.209999,92.080002,92.489998,88.588455,3889600
2015-09-14,92.669998,92.699997,90.040001,90.139999,86.337585,5180600
2015-09-15,90.550003,91.110001,90.040001,90.879997,87.046379,3526600
2015-09-16,90.489998,90.779999,89.419998,90.389999,86.577042,4945400
2015-09-17,90.430000,91.250000,89.900002,90.099998,86.299278,5276400
2015-09-18,89.089996,89.220001,87.680000,88.099998,84.383636,5253500
2015-09-21,88.459999,88.709999,87.449997,87.669998,83.971771,2975100
2015-09-22,87.129997,87.129997,85.559998,86.500000,82.851135,3154500
2015-09-23,86.419998,86.790001,84.300003,84.379997,80.820557,3247100
2015-09-24,83.830002,84.269997,81.220001,83.949997,80.408707,5608500
2015-09-25,84.629997,84.739998,83.760002,84.510002,80.945076,3449800
2015-09-28,82.809998,83.559998,82.809998,83.110001,79.604141,5255600
2015-09-29,83.480003,84.290001,82.970001,83.599998,80.073463,3908600
2015-09-30,84.550003,85.599998,84.349998,85.339996,81.740067,3863900
2015-10-01,85.360001,85.839996,84.680000,85.779999,82.161514,3588600
2015-10-02,84.610001,87.019997,84.110001,87.010002,83.339630,3014400
2015-10-05,87.500000,88.669998,87.430000,87.709999,84.010086,3290800
2015-10-06,87.059998,88.860001,85.650002,88.080002,84.364487,4553800
2015-10-07,83.910004,89.800003,83.809998,88.059998,84.865623,9063100
2015-10-08,87.760002,90.169998,87.760002,89.250000,86.012459,4310900
2015-10-09,89.489998,90.830002,88.820000,89.699997,86.446129,4966000
2015-10-12,90.300003,90.300003,88.900002,89.540001,86.291939,3581000
2015-10-13,88.900002,89.750000,88.370003,89.180000,85.945007,3188100
2015-10-14,89.230003,91.199997,89.029999,90.239998,86.966530,3436100
2015-10-15,90.669998,90.980003,89.150002,90.690002,87.400223,3239700
2015-10-16,91.019997,91.150002,89.410004,89.970001,86.706345,4449800
2015-10-19,89.610001,91.000000,88.949997,90.830002,87.535133,4091500
2015-10-20,90.849998,92.160004,90.779999,91.199997,87.891716,2445600
2015-10-21,91.160004,92.309998,91.050003,91.620003,88.296478,3008200
2015-10-22,92.480003,92.930000,91.080002,91.279999,87.968826,4977600
2015-10-23,91.900002,92.209999,90.430000,91.360001,88.045914,3559100
2015-10-26,91.199997,91.849998,90.760002,91.339996,88.026634,2693000
2015-10-27,91.250000,91.620003,90.690002,91.410004,88.094101,2720000
2015-10-28,91.330002,92.610001,91.330002,92.510002,89.154198,2814800
2015-10-29,92.419998,94.000000,92.050003,93.730003,90.329948,3105700
2015-10-30,93.690002,94.070000,92.980003,93.220001,89.838448,3804500
2015-11-02,93.230003,93.599998,92.980003,93.150002,89.770981,3908100
2015-11-03,93.000000,95.860001,92.690002,95.650002,92.180283,5367100
2015-11-04,95.980003,96.870003,94.790001,94.900002,91.457504,5310100
2015-11-05,94.900002,95.209999,93.849998,93.959999,90.551598,3266000
2015-11-06,93.339996,93.870003,92.769997,93.489998,90.098648,6733600
2015-11-09,93.269997,94.470001,92.680000,94.269997,90.850349,4691900
2015-11-10,93.790001,94.300003,92.519997,92.860001,89.491501,4182000
2015-11-11,93.070000,93.900002,92.610001,93.529999,90.137192,2288200
2015-11-12,92.540001,93.410004,92.400002,92.879997,89.510780,2795300
2015-11-13,92.720001,94.489998,92.559998,93.779999,90.378136,3264400
2015-11-16,94.019997,95.610001,93.580002,95.339996,91.881546,3823400
2015-11-17,95.750000,96.709999,94.110001,94.410004,90.985275,3990300
2015-11-18,93.820000,96.300003,93.099998,96.129997,92.642883,3223300
2015-11-19,96.169998,97.110001,95.639999,95.830002,92.353767,2589400
2015-11-20,96.519997,96.680000,95.239998,96.089996,92.604332,3533400
2015-11-23,96.190002,96.989998,95.239998,95.269997,91.814072,2458800
2015-11-24,95.010002,95.930000,94.580002,95.559998,92.093567,2777100
2015-11-25,95.419998,96.419998,95.360001,95.599998,92.132111,3412600
2015-11-27,95.800003,96.160004,94.849998,95.430000,91.968277,1085800
2015-11-30,95.349998,95.839996,94.879997,95.160004,91.708069,3723600
2015-12-01,96.129997,97.440002,95.500000,97.309998,93.780075,4504100
2015-12-02,96.589996,98.480003,96.309998,97.110001,93.587334,3452700
2015-12-03,97.180000,97.650002,95.699997,96.550003,93.047653,4702800
2015-12-04,96.680000,98.459999,96.660004,97.849998,94.300484,3320400
2015-12-07,97.470001,97.889999,96.220001,97.669998,94.127014,3166500
2015-12-08,96.669998,98.360001,96.080002,96.760002,93.250038,4021000
2015-12-09,97.260002,98.480003,95.739998,96.610001,93.105476,3784700
2015-12-10,96.610001,97.320000,95.830002,96.089996,92.604332,2754500
2015-12-11,94.989998,95.260002,93.430000,93.629997,90.233566,6341800
2015-12-14,93.529999,94.269997,92.910004,93.750000,90.349220,5247600
2015-12-15,94.589996,95.769997,93.809998,95.620003,92.151390,4229300
2015-12-16,95.820000,97.160004,95.449997,97.089996,93.568062,3467400
2015-12-17,97.019997,97.019997,95.160004,95.739998,92.267021,3185300
2015-12-18,95.290001,97.180000,94.800003,94.839996,91.399658,6019100
2015-12-21,95.230003,96.000000,94.809998,95.430000,91.968277,2167900
2015-12-22,95.709999,97.750000,95.440002,97.309998,93.780075,3038000
2015-12-23,98.000000,100.559998,97.959999,99.570000,95.958107,3811800
2015-12-24,99.620003,99.900002,98.860001,99.269997,95.668983,867700
2015-12-28,99.110001,99.110001,98.250000,98.860001,95.273872,1518800
2015-12-29,99.110001,99.830002,98.970001,99.279999,95.678627,2060700
2015-12-30,99.290001,99.910004,98.879997,98.889999,95.302773,1678100
2015-12-31,98.500000,99.339996,98.059998,98.519997,94.946190,2483900
2016-01-04,97.150002,97.860001,96.599998,97.790001,94.242668,3238200
2016-01-05,98.220001,98.639999,97.059998,97.279999,93.751160,3384900
2016-01-06,95.769997,97.300003,93.760002,95.209999,92.268433,4990800
2016-01-07,93.389999,94.900002,93.080002,93.580002,90.688805,5861300
2016-01-08,93.760002,94.300003,92.629997,92.790001,89.923210,4604900
2016-01-11,92.970001,93.540001,91.730003,92.279999,89.428963,4666500
2016-01-12,92.849998,93.330002,91.820000,92.519997,89.661552,4025800
2016-01-13,92.989998,93.320000,90.870003,91.190002,88.372635,4358800
2016-01-14,91.360001,92.779999,90.459999,92.150002,89.302979,3699000
2016-01-15,90.330002,91.760002,90.230003,90.870003,88.062531,4886100
2016-01-19,91.750000,91.790001,89.839996,90.860001,88.052834,6245000
2016-01-20,89.470001,90.339996,87.290001,89.809998,87.035271,4927700
2016-01-21,90.269997,91.870003,88.790001,91.129997,88.314484,3935500
2016-01-22,92.320000,93.290001,91.519997,91.870003,89.031639,3188400
2016-01-25,91.430000,91.430000,87.180000,87.320000,84.622208,3687600
2016-01-26,87.459999,88.889999,87.300003,88.500000,85.765755,2527000
2016-01-27,88.010002,89.220001,87.290001,87.610001,84.903252,2449200
2016-01-28,88.349998,88.760002,87.300003,87.800003,85.087372,2106700
2016-01-29,88.250000,90.599998,88.250000,90.599998,87.800858,3696400
2016-02-01,89.480003,90.300003,88.320000,90.129997,87.345390,2606700
2016-02-02,89.250000,89.250000,87.099998,87.360001,84.660965,3371000
2016-02-03,88.269997,89.500000,87.180000,89.500000,86.734863,5306500
2016-02-04,90.379997,95.389999,89.989998,95.320000,92.375031,9526500
2016-02-05,95.199997,95.940002,94.160004,94.580002,91.657906,2949800
2016-02-08,93.209999,93.910004,90.550003,91.250000,88.430786,2769800
2016-02-09,91.059998,92.040001,89.839996,91.699997,88.866875,2813100
2016-02-10,91.900002,92.110001,87.379997,87.580002,84.874176,3626300
2016-02-11,85.800003,87.000000,84.709999,85.690002,83.042564,3526100
2016-02-12,85.690002,87.199997,85.480003,87.029999,84.341164,2276200
2016-02-16,88.010002,88.080002,85.849998,87.940002,85.223053,3073900
2016-02-17,88.669998,89.889999,88.230003,89.639999,86.870529,3164300
2016-02-18,89.980003,90.930000,89.419998,89.919998,87.141876,2453600
2016-02-19,89.690002,90.120003,88.480003,88.519997,85.785126,2684500
2016-02-22,88.519997,90.519997,88.519997,89.470001,86.705780,1572800
2016-02-23,89.309998,89.410004,87.110001,87.959999,85.242432,2359500
2016-02-24,87.180000,88.779999,86.529999,88.570000,85.833595,1709500
2016-02-25,89.040001,90.139999,88.120003,89.839996,87.064346,1568700
2016-02-26,90.839996,92.099998,90.360001,90.580002,87.781487,2585400
2016-02-29,90.500000,91.000000,89.940002,89.989998,87.209702,3373100
2016-03-01,91.339996,93.250000,90.949997,92.489998,89.632469,2737000
2016-03-02,88.000000,88.580002,84.919998,85.300003,82.664619,10332800
2016-03-03,85.209999,85.699997,84.250000,84.940002,82.315735,5487200
2016-03-04,83.779999,86.400002,83.730003,85.889999,83.236397,4825700
2016-03-07,86.050003,88.900002,85.500000,88.480003,85.746361,4538200
2016-03-08,88.150002,89.769997,87.000000,88.870003,86.124313,3303500
2016-03-09,89.309998,89.870003,88.459999,88.720001,85.978958,2412000
2016-03-10,89.150002,89.150002,87.760002,88.989998,86.240601,3146600
2016-03-11,89.669998,91.169998,89.410004,90.949997,88.140053,3055600
2016-03-14,90.160004,90.570000,89.099998,89.900002,87.122498,2790500
2016-03-15,88.779999,89.209999,87.349998,89.169998,86.415047,2069700
2016-03-16,88.769997,91.269997,88.500000,90.709999,87.907471,3532300
2016-03-17,90.830002,93.550003,90.699997,92.919998,90.049187,3932300
2016-03-18,92.949997,93.989998,92.570000,93.010002,90.136414,3847000
2016-03-21,92.500000,92.570000,91.150002,91.309998,88.488930,2618200
2016-03-22,90.860001,91.120003,89.419998,90.379997,87.587662,5603900
2016-03-23,90.250000,90.650002,89.070000,90.070000,87.287239,1653200
2016-03-24,89.400002,90.139999,88.650002,90.099998,87.316322,2901700
2016-03-28,90.129997,91.430000,90.059998,90.629997,87.829941,2494400
2016-03-29,90.150002,90.809998,89.430000,90.660004,87.859024,1863100
2016-03-30,91.330002,92.000000,90.830002,91.089996,88.275719,1695200
2016-03-31,90.639999,90.750000,87.220001,87.739998,85.029228,4918400
2016-04-01,87.260002,87.980003,85.930000,87.870003,85.155205,3728800
2016-04-04,87.839996,88.309998,86.959999,87.199997,84.505905,2635700
2016-04-05,87.040001,87.660004,85.779999,86.639999,83.963203,2875100
2016-04-06,85.790001,87.269997,84.790001,87.000000,84.840881,3521300
2016-04-07,86.290001,87.080002,85.510002,86.099998,83.963203,2675500
2016-04-08,86.910004,87.629997,86.269997,86.629997,84.480057,2645800
2016-04-11,86.790001,87.459999,86.599998,86.769997,84.616585,2498300
2016-04-12,87.000000,87.680000,86.099998,87.419998,85.250450,2222900
2016-04-13,88.040001,89.779999,87.690002,89.739998,87.512871,2940500
2016-04-14,89.739998,89.739998,88.720001,88.949997,86.742477,2404200
2016-04-15,88.750000,88.750000,85.919998,88.370003,86.176888,3711000
2016-04-18,88.300003,89.309998,88.040001,88.959999,86.752228,2285800
2016-04-19,89.489998,93.430000,89.309998,93.269997,90.955261,5388500
2016-04-20,93.300003,94.089996,92.160004,93.400002,91.082047,4120900
2016-04-21,93.010002,94.660004,92.940002,94.110001,91.774422,4191200
2016-04-22,93.910004,94.540001,93.190002,94.080002,91.745171,3104900
2016-04-25,93.669998,94.940002,93.480003,94.080002,91.745171,3500400
2016-04-26,94.080002,94.279999,92.730003,93.900002,91.569633,2668900
2016-04-27,93.779999,94.949997,93.470001,94.000000,91.667160,2518100
2016-04-28,92.870003,94.949997,92.800003,94.269997,91.930443,2065500
2016-04-29,94.120003,94.830002,93.290001,93.680000,91.355103,2348700
2016-05-02,93.849998,95.879997,93.540001,95.650002,93.276207,3036500
2016-05-03,94.300003,95.000000,93.480003,93.870003,91.540390,3681400
2016-05-04,93.519997,93.519997,91.269997,91.650002,89.375488,2428400
2016-05-05,92.070000,92.410004,89.529999,89.660004,87.434868,2538200
2016-05-06,89.519997,90.650002,89.260002,89.750000,87.522629,2321000
2016-05-09,89.519997,89.910004,88.930000,89.029999,86.820496,2458000
2016-05-10,89.239998,91.599998,88.760002,91.180000,88.917145,2941200
2016-05-11,91.209999,91.550003,90.320000,90.339996,88.097984,1903500
2016-05-12,100.300003,100.849998,96.080002,97.919998,95.489868,17844300
2016-05-13,98.000000,100.470001,97.699997,99.940002,97.459747,6049000
2016-05-16,99.389999,99.629997,97.980003,98.279999,95.840935,2647700
2016-05-17,97.870003,100.500000,97.510002,97.720001,95.294823,4043100
2016-05-18,97.699997,98.199997,96.830002,97.129997,94.719482,3635200
2016-05-19,102.389999,103.459999,100.400002,100.550003,98.054604,12506100
2016-05-20,99.949997,102.900002,99.949997,101.519997,99.000534,3704100
2016-05-23,108.440002,109.370003,105.900002,106.000000,103.369354,13541100
2016-05-24,106.800003,109.540001,106.669998,109.300003,106.587448,18146700
2016-05-25,111.419998,113.000000,110.320000,111.680000,108.908386,13167100
2016-05-26,111.900002,112.019997,109.470001,109.620003,106.899506,5084300
2016-05-27,109.589996,110.220001,108.099998,109.489998,106.772728,4713700
2016-05-31,110.559998,113.220001,109.940002,112.470001,109.678772,10817300
2016-06-01,112.239998,112.449997,110.250000,110.980003,108.225761,4463600
2016-06-02,111.529999,111.529999,109.650002,110.360001,107.621132,5845000
2016-06-03,110.650002,111.610001,109.690002,111.000000,108.245255,4982200
2016-06-06,109.389999,110.660004,108.599998,108.760002,106.060852,4557000
2016-06-07,108.500000,109.000000,107.339996,107.400002,104.734604,4004900
2016-06-08,107.440002,109.430000,106.580002,108.260002,105.573257,4287100
2016-06-09,107.610001,110.129997,107.449997,109.989998,107.260307,4456900
2016-06-10,110.089996,114.260002,108.010002,109.199997,106.489929,5203800
2016-06-13,108.480003,109.040001,106.970001,107.050003,104.393288,4688000
2016-06-14,106.930000,108.000000,106.589996,106.750000,104.100731,2494700
2016-06-15,107.459999,107.980003,106.820000,107.639999,104.968651,3970500
2016-06-16,107.279999,109.080002,106.849998,108.900002,106.197380,2094700
2016-06-17,108.559998,109.709999,108.169998,109.349998,106.636208,3498000
2016-06-20,109.400002,109.629997,108.580002,108.709999,106.012093,2225200
2016-06-21,108.940002,109.150002,107.000000,107.680000,105.007645,2616800
2016-06-22,107.650002,108.160004,106.720001,107.160004,104.500565,3038100
2016-06-23,108.169998,109.199997,107.739998,109.150002,106.441170,2623100
2016-06-24,105.830002,106.610001,103.919998,104.070000,101.487236,7471600
2016-06-27,102.860001,103.769997,98.919998,99.980003,97.498756,6257700
2016-06-28,101.550003,101.989998,99.839996,101.089996,98.581184,5132200
2016-06-29,104.209999,104.489998,100.750000,103.519997,100.950882,7390700
2016-06-30,102.790001,104.230003,102.389999,103.410004,100.843628,4247100
2016-07-01,103.919998,103.980003,100.989998,101.320000,98.805496,6025200
2016-07-05,101.320000,101.480003,100.220001,100.250000,97.762039,3084800
2016-07-06,99.839996,101.260002,99.389999,99.400002,97.458107,3463900
2016-07-07,100.150002,101.139999,99.900002,100.639999,98.673874,2377500
2016-07-08,101.000000,103.190002,100.800003,102.680000,100.674026,3424400
2016-07-11,102.900002,103.379997,101.379997,102.580002,100.575981,2278200
2016-07-12,102.529999,103.529999,102.180000,102.330002,100.330864,2047900
2016-07-13,102.099998,102.620003,101.019997,101.129997,99.154305,3291200
2016-07-14,101.180000,107.720001,100.610001,104.220001,102.183945,13555600
2016-07-15,104.769997,104.769997,102.500000,103.449997,101.428978,6719000
2016-07-18,103.660004,107.790001,102.970001,106.440002,104.360573,6940500
2016-07-19,105.889999,109.000000,105.410004,106.870003,104.782173,8683300
2016-07-20,106.940002,107.639999,106.699997,106.760002,104.674316,2711000
2016-07-21,106.970001,107.290001,105.830002,106.099998,104.027206,1230800
2016-07-22,106.540001,106.720001,105.559998,105.680000,103.615410,1822900
2016-07-25,105.800003,106.209999,105.110001,105.260002,103.203629,1449500
2016-07-26,105.500000,106.209999,104.959999,106.019997,103.948769,1933400
2016-07-27,106.199997,106.940002,106.000000,106.750000,104.664505,1778400
2016-07-28,106.230003,106.940002,106.010002,106.120003,104.046822,1374800
2016-07-29,106.089996,107.070000,105.610001,106.769997,104.684113,1961900
2016-08-01,106.769997,107.019997,105.430000,105.800003,103.733078,1391600
2016-08-02,105.940002,106.389999,105.150002,105.620003,103.556595,2347800
2016-08-03,105.540001,106.410004,104.169998,104.360001,102.321198,3607300
2016-08-04,104.360001,106.940002,103.000000,106.419998,104.340965,4951400
2016-08-05,106.480003,107.480003,106.480003,106.930000,104.840988,2195800
2016-08-08,107.500000,107.660004,106.410004,106.750000,104.664505,1366700
2016-08-09,107.050003,107.139999,105.660004,106.500000,104.419395,1628300
2016-08-10,106.629997,106.629997,105.680000,105.940002,103.870338,1204200
2016-08-11,106.610001,106.610001,104.959999,105.919998,103.850723,1731600
2016-08-12,105.919998,106.349998,104.440002,105.250000,103.193810,1249000
2016-08-15,105.660004,106.000000,104.959999,104.980003,102.929092,1141800
2016-08-16,106.040001,106.739998,105.419998,105.440002,103.380112,2623100
2016-08-17,105.660004,105.750000,102.180000,104.230003,102.193741,4461500
2016-08-18,104.599998,104.879997,103.750000,103.989998,101.958427,1695600
2016-08-19,103.699997,104.830002,103.510002,104.150002,102.115303,2119800
2016-08-22,104.269997,105.389999,103.650002,104.500000,102.458473,1937900
2016-08-23,108.709999,109.000000,106.910004,107.099998,105.007668,7480500
2016-08-24,107.870003,107.870003,106.800003,107.000000,104.909630,3593600
2016-08-25,107.139999,107.500000,106.669998,106.989998,104.899826,2074700
2016-08-26,107.519997,107.760002,106.629997,107.400002,105.301811,4005600
2016-08-29,107.860001,108.260002,107.349998,107.540001,105.439079,2426600
2016-08-30,107.500000,108.349998,106.739998,107.440002,105.341034,2503500
2016-08-31,107.180000,107.440002,104.830002,106.500000,104.419395,3713100
2016-09-01,106.489998,107.230003,106.120003,106.910004,104.821388,2376400
2016-09-02,107.220001,107.559998,106.709999,107.440002,105.341034,1372600
2016-09-06,108.169998,108.400002,105.849998,106.070000,103.997795,9005200
2016-09-07,106.769997,106.949997,105.760002,106.570000,104.488029,3063600
2016-09-08,106.900002,108.339996,106.169998,108.050003,105.939117,5174300
2016-09-09,108.349998,109.070000,106.669998,106.779999,104.693924,9126700
2016-09-12,106.980003,107.239998,106.500000,106.989998,104.899826,2714600
2016-09-13,106.930000,109.500000,105.010002,106.099998,104.027206,7589500
2016-09-14,107.010002,107.750000,106.349998,106.760002,104.674316,25716900
2016-09-15,106.699997,106.779999,103.940002,104.220001,102.183945,10614000
2016-09-16,104.440002,104.519997,103.199997,103.449997,101.428978,7717200
2016-09-19,103.930000,104.220001,101.660004,101.800003,99.811226,5620700
2016-09-20,102.750000,103.099998,102.010002,102.879997,100.870110,3569000
2016-09-21,103.800003,104.730003,103.800003,104.360001,102.321198,5719600
2016-09-22,104.860001,104.970001,104.099998,104.199997,102.164330,4251700
2016-09-23,104.120003,104.169998,103.400002,103.500000,101.478004,2083500
2016-09-26,103.720001,104.430000,102.010002,102.129997,100.134758,4070500
2016-09-27,102.570000,102.919998,102.059998,102.250000,100.252426,3109900
2016-09-28,102.889999,102.889999,101.650002,102.559998,100.556366,3103100
2016-09-29,102.519997,102.599998,101.339996,101.790001,99.801414,2670700
2016-09-30,102.279999,102.489998,101.570000,102.199997,100.203400,3664500
2016-10-03,102.250000,102.550003,101.989998,102.470001,100.468124,1945400
2016-10-04,102.820000,102.879997,102.099998,102.150002,100.154381,3305000
2016-10-05,101.089996,103.360001,101.089996,103.180000,101.701889,4512000
2016-10-06,103.250000,103.769997,103.199997,103.500000,102.017296,3371200
2016-10-07,103.750000,103.889999,103.250000,103.360001,101.879311,2391600
2016-10-10,103.769997,103.889999,102.900002,102.970001,101.494896,989700
2016-10-11,102.699997,103.489998,102.269997,103.330002,101.849747,1803900
2016-10-12,103.360001,103.400002,102.309998,102.320000,100.854202,1601200
2016-10-13,101.800003,102.800003,101.540001,102.540001,101.071053,2187400
2016-10-14,102.680000,102.800003,101.639999,102.110001,100.647217,3217100
2016-10-17,102.019997,102.379997,101.620003,102.169998,100.706345,1729600
2016-10-18,102.889999,103.000000,102.099998,102.669998,101.199188,2022300
2016-10-19,103.000000,103.199997,102.320000,102.489998,101.021767,1444000
2016-10-20,102.089996,102.959999,101.720001,102.860001,101.386475,1777300
2016-10-21,102.339996,102.459999,101.620003,102.070000,100.607788,2857500
2016-10-24,101.629997,102.610001,101.400002,102.000000,100.538795,3744400
2016-10-25,102.000000,102.000000,101.139999,101.400002,99.947388,2187500
2016-10-26,101.260002,101.739998,100.989998,101.330002,99.878387,1688600
2016-10-27,101.519997,101.599998,100.879997,101.019997,99.572823,1533800
2016-10-28,101.150002,101.580002,100.510002,100.980003,99.533409,1546400
2016-10-31,100.930000,101.529999,100.500000,100.769997,99.326408,1660700
2016-11-01,100.629997,101.000000,100.239998,100.690002,99.247559,1878000
2016-11-02,100.550003,100.849998,99.680000,99.779999,98.350594,2514800
2016-11-03,99.739998,99.790001,98.599998,98.809998,97.394485,3254100
2016-11-04,98.809998,99.400002,98.360001,98.519997,97.108643,1948400
2016-11-07,99.050003,99.489998,98.559998,99.190002,97.769043,1692900
2016-11-08,99.320000,99.709999,98.610001,99.440002,98.015465,1560100
2016-11-09,98.250000,99.570000,98.099998,98.940002,97.522629,3115900
2016-11-10,99.209999,99.400002,97.750000,97.930000,96.527092,3367800
2016-11-11,97.620003,98.199997,97.349998,97.900002,96.497528,3137400
2016-11-14,97.680000,98.529999,97.440002,98.089996,96.684799,1721500
2016-11-15,97.870003,99.709999,97.650002,99.089996,97.670464,3894200
2016-11-16,99.459999,101.989998,99.379997,100.730003,99.286987,3627900
2016-11-17,100.680000,101.160004,100.250000,100.660004,99.217987,1932000
2016-11-18,100.599998,101.269997,100.290001,101.209999,99.760109,1368400
2016-11-21,101.000000,101.500000,100.900002,101.320000,99.868530,1458300
2016-11-22,101.879997,102.139999,101.389999,101.750000,100.292374,1727800
2016-11-23,101.370003,102.440002,100.870003,102.419998,100.952766,1370300
2016-11-25,102.110001,102.610001,102.019997,102.559998,101.090759,964500
2016-11-28,102.300003,102.559998,101.519997,102.029999,100.568352,1630800
2016-11-29,101.910004,102.589996,101.559998,102.389999,100.923203,1261300
2016-11-30,102.440002,103.290001,102.209999,102.709999,101.238617,3730400
2016-12-01,102.709999,103.629997,102.699997,103.500000,102.017296,2348800
2016-12-02,103.080002,103.980003,103.080002,103.910004,102.421432,1929000
2016-12-05,104.190002,105.379997,104.050003,104.269997,102.776268,2549100
2016-12-06,104.660004,105.989998,104.489998,105.800003,104.284363,2900700
2016-12-07,105.720001,105.790001,105.010002,105.410004,103.899940,2921900
2016-12-08,105.639999,105.839996,104.419998,104.699997,103.200111,2221700
2016-12-09,104.910004,105.320000,104.339996,104.589996,103.091682,2423700
2016-12-12,104.500000,105.339996,104.430000,104.589996,103.091682,1955800
2016-12-13,105.680000,105.680000,104.449997,104.519997,103.022682,2476400
2016-12-14,104.750000,105.190002,104.099998,104.320000,102.825554,2346500
2016-12-15,104.099998,105.599998,104.080002,105.379997,103.870369,2487000
2016-12-16,105.230003,105.599998,104.980003,105.500000,103.988647,3237600
2016-12-19,105.500000,106.150002,105.220001,105.580002,104.067513,1358200
2016-12-20,105.790001,105.790001,105.230003,105.489998,103.978790,1009800
2016-12-21,105.449997,105.739998,105.029999,105.209999,103.702805,1289100
2016-12-22,105.320000,105.739998,104.940002,105.330002,103.821091,1191400
2016-12-23,105.059998,105.349998,104.800003,105.260002,103.752090,622600
2016-12-27,105.050003,105.790001,105.040001,105.690002,104.175934,1029800
2016-12-28,105.750000,105.800003,104.980003,105.199997,103.692947,1039400
2016-12-29,105.190002,105.589996,105.099998,105.099998,103.594376,743400
2016-12-30,105.500000,105.500000,104.889999,105.209999,103.702805,1302200
2017-01-03,105.449997,105.750000,104.769997,105.309998,103.801376,1487000
2017-01-04,105.230003,105.320000,104.830002,105.050003,104.078789,1254100
2017-01-05,105.699997,106.129997,104.910004,105.209999,104.237305,2142100
2017-01-06,105.559998,108.129997,105.559998,108.129997,107.130302,4046800
2017-01-09,108.000000,109.050003,107.400002,108.949997,107.942726,2720400
2017-01-10,108.500000,108.949997,108.239998,108.440002,107.437447,1626800
2017-01-11,108.580002,108.839996,107.699997,108.449997,107.447350,1618000
2017-01-12,108.449997,108.500000,106.739998,107.330002,106.337708,2594000
2017-01-13,107.309998,107.900002,107.050003,107.620003,106.625031,1819400
2017-01-17,107.800003,108.699997,107.660004,108.169998,107.169937,2836200
2017-01-18,108.470001,108.550003,107.889999,108.099998,107.100586,1218400
2017-01-19,108.010002,108.430000,107.949997,108.120003,107.120399,1022900
2017-01-20,108.370003,108.610001,108.029999,108.580002,107.576149,2291200
2017-01-23,108.220001,108.570000,107.419998,108.440002,107.437447,1841900
2017-01-24,108.750000,109.379997,108.029999,108.839996,107.833740,1596900
2017-01-25,109.070000,111.059998,108.860001,110.839996,109.815254,3119600
2017-01-26,110.500000,110.919998,109.750000,109.800003,108.784874,1475100
2017-01-27,109.730003,110.169998,108.510002,109.400002,108.388573,1746600
2017-01-30,109.000000,109.760002,108.089996,108.570000,107.566246,1522100
2017-01-31,108.080002,108.839996,107.900002,108.309998,107.308640,1415900
2017-02-01,108.279999,109.330002,108.199997,108.459999,107.457260,1190200
2017-02-02,108.489998,109.150002,107.910004,108.970001,107.962547,1728500
2017-02-03,109.000000,109.370003,108.599998,108.870003,107.863472,1045500
2017-02-06,108.669998,108.750000,107.879997,108.309998,107.308640,1199400
2017-02-07,108.290001,108.440002,107.440002,107.570000,106.575485,1263600
2017-02-08,107.650002,108.099998,106.980003,107.339996,106.347603,1494200
2017-02-09,107.339996,108.260002,107.339996,107.529999,106.535851,1184200
2017-02-10,107.500000,107.940002,106.970001,107.570000,106.575485,911200
2017-02-13,107.690002,107.849998,107.269997,107.669998,106.674561,1371800
2017-02-14,107.500000,107.860001,107.440002,107.629997,106.634926,1386400
2017-02-15,108.879997,109.470001,108.650002,108.800003,107.794121,1865000
2017-02-16,109.330002,109.349998,108.379997,108.489998,107.486977,2365300
2017-02-17,108.760002,109.129997,108.510002,109.000000,107.992264,2224700
2017-02-21,109.610001,111.989998,109.610001,110.570000,109.547752,3818300
2017-02-22,111.029999,112.449997,110.809998,111.379997,110.350258,2500300
2017-02-23,112.000000,113.110001,111.800003,112.330002,111.291473,2567900
2017-02-24,112.220001,113.059998,111.830002,112.959999,111.915657,1894200
2017-02-27,113.000000,113.660004,112.730003,113.589996,112.539825,1831900
2017-02-28,113.489998,113.959999,113.220001,113.830002,112.777611,1944200
2017-03-01,114.239998,116.040001,114.010002,115.510002,114.442078,3857100
2017-03-02,115.199997,115.500000,114.699997,114.870003,113.807999,1478700
2017-03-03,115.000000,115.500000,114.930000,114.970001,113.907074,1850400
2017-03-06,114.849998,115.290001,114.510002,114.650002,113.590027,1140200
2017-03-07,114.529999,115.349998,114.489998,115.059998,113.996239,1573200
2017-03-08,115.019997,115.070000,114.089996,114.169998,113.114471,1776900
2017-03-09,114.180000,114.970001,113.510002,113.790001,112.737984,2265500
2017-03-10,114.080002,114.629997,113.800003,114.059998,113.005478,1289100
2017-03-13,114.120003,114.449997,113.849998,114.139999,113.084747,1330500
2017-03-14,113.900002,114.199997,113.510002,113.970001,112.916321,1740200
2017-03-15,113.800003,113.900002,113.180000,113.370003,112.321869,3021100
2017-03-16,113.320000,113.739998,112.379997,112.510002,111.469810,3102300
2017-03-17,112.750000,113.059998,111.919998,112.760002,111.717506,4992800
2017-03-20,112.940002,114.070000,112.559998,113.809998,112.757797,2172200
2017-03-21,113.290001,114.300003,112.489998,112.800003,111.757141,2537100
2017-03-22,112.779999,113.449997,112.410004,113.370003,112.321869,1364300
2017-03-23,113.430000,113.779999,112.750000,113.160004,112.113808,1932900
2017-03-24,113.089996,113.800003,113.089996,113.669998,112.619087,1602900
2017-03-27,113.209999,114.519997,113.199997,114.089996,113.035202,2367100
2017-03-28,113.919998,114.449997,113.790001,114.160004,113.104568,1761700
2017-03-29,114.000000,114.190002,113.769997,113.900002,112.846962,2101400
2017-03-30,113.699997,114.169998,113.239998,113.349998,112.302048,1620500
2017-03-31,113.199997,113.790001,113.150002,113.199997,112.153435,2302100
2017-04-03,113.300003,113.970001,113.269997,113.930000,112.876694,4874200
2017-04-04,113.889999,114.750000,113.750000,114.750000,113.689110,2414000
2017-04-05,116.050003,116.370003,115.129997,115.309998,114.784088,5465100
2017-04-06,115.589996,116.559998,115.470001,116.000000,115.470947,3188300
2017-04-07,115.870003,116.269997,115.809998,116.160004,115.630219,2595300
2017-04-10,116.379997,116.500000,115.910004,115.930000,115.401260,1524200
2017-04-11,115.910004,116.209999,115.860001,116.000000,115.470947,1684000
2017-04-12,116.449997,116.589996,116.099998,116.269997,115.739708,1735800
2017-04-13,116.199997,116.599998,115.769997,115.769997,115.241989,1553100
2017-04-17,115.860001,116.290001,115.750000,116.190002,115.660080,1219100
2017-04-18,116.000000,116.129997,115.820000,115.940002,115.411217,1287400
2017-04-19,115.949997,116.110001,115.709999,115.760002,115.232040,1478000
2017-04-20,115.800003,116.089996,115.699997,115.720001,115.192223,1699600
2017-04-21,115.570000,115.889999,115.400002,115.500000,114.973221,2055300
2017-04-24,116.000000,116.190002,115.860001,116.019997,115.490852,1939700
2017-04-25,115.980003,117.150002,115.709999,116.940002,116.406662,2865700
2017-04-26,116.500000,117.330002,116.370003,116.739998,116.207565,2478000
2017-04-27,116.629997,116.839996,116.470001,116.500000,115.968666,2151300
2017-04-28,116.500000,116.779999,116.430000,116.610001,116.078163,1275000
2017-05-01,116.790001,117.220001,116.610001,116.870003,116.336975,1128400
2017-05-02,116.860001,117.330002,116.699997,116.900002,116.366844,1832100
2017-05-03,116.900002,117.139999,115.889999,116.320000,115.789482,2159900
2017-05-04,116.620003,116.639999,115.849998,115.930000,115.401260,1755900
2017-05-05,116.010002,116.349998,116.000000,116.199997,115.670029,1706800
2017-05-08,116.070000,116.349998,115.709999,116.050003,115.520721,1438500
2017-05-09,116.040001,116.349998,115.980003,116.050003,115.520721,1365700
2017-05-10,116.110001,116.180000,115.870003,116.019997,115.490852,1754100
2017-05-11,116.000000,116.129997,115.550003,115.889999,115.361443,1812900
2017-05-12,116.110001,116.419998,116.000000,116.220001,115.689941,1223100
2017-05-15,115.980003,116.610001,115.900002,116.599998,116.068207,2421900
2017-05-16,116.750000,116.779999,116.470001,116.650002,116.117981,1285200
2017-05-17,116.650002,116.650002,115.800003,115.820000,115.291763,1579600
2017-05-18,115.650002,115.930000,115.320000,115.790001,115.261902,1524600
2017-05-19,116.029999,116.349998,115.790001,116.099998,115.570488,2094100
2017-05-22,116.349998,116.500000,115.820000,116.000000,115.470947,1252900
2017-05-23,116.169998,116.349998,115.949997,116.040001,115.510765,1652900
2017-05-24,116.050003,116.529999,115.910004,116.199997,115.670029,860100
2017-05-25,116.250000,116.570000,116.010002,116.529999,115.998528,830900
2017-05-26,116.650002,116.800003,116.550003,116.779999,116.247383,961100
2017-05-30,116.820000,117.080002,116.589996,116.849998,116.317062,908300
2017-05-31,117.000000,117.470001,116.650002,117.419998,116.884468,2542300
2017-06-01,117.220001,117.779999,117.029999,117.779999,117.242821,1437900
2017-06-02,117.809998,118.000000,117.459999,117.820000,117.282646,1404800
2017-06-05,117.860001,117.930000,117.529999,117.680000,117.143280,1092100
2017-06-06,117.550003,117.940002,117.180000,117.699997,117.163185,1612900
2017-06-07,117.809998,117.900002,117.480003,117.750000,117.212959,1270700
2017-06-08,117.699997,117.889999,117.510002,117.820000,117.282646,1487100
2017-06-09,117.860001,117.959999,117.230003,117.519997,116.984009,1628100
2017-06-12,117.339996,117.779999,117.339996,117.769997,117.232864,1842100
2017-06-13,117.800003,118.129997,117.669998,118.050003,117.511597,1867800
2017-06-14,118.150002,118.150002,117.610001,117.949997,117.412048,1549300
2017-06-15,117.699997,117.879997,117.349998,117.610001,117.073601,1548200
2017-06-16,117.709999,117.879997,117.529999,117.879997,117.342369,2559600
2017-06-19,117.849998,118.000000,117.550003,117.849998,117.312508,1196300
2017-06-20,117.800003,117.980003,117.570000,117.809998,117.272690,1251700
2017-06-21,117.750000,117.830002,117.180000,117.269997,116.735146,1400400
2017-06-22,117.449997,117.620003,116.820000,116.839996,116.307106,1540400
2017-06-23,117.000000,117.440002,116.900002,117.019997,116.486290,3500400
2017-06-26,117.050003,117.800003,117.050003,117.800003,117.262741,1598400
2017-06-27,117.349998,117.680000,117.050003,117.250000,116.715240,2545800
2017-06-28,118.000000,118.849998,117.849998,118.750000,118.208405,2820200
2017-06-29,118.400002,118.870003,117.940002,118.000000,117.461823,2125300
2017-06-30,118.059998,118.970001,118.000000,118.360001,117.820183,8204900
